order,id,reference,testament,book,chapter,verse,found_by,kind,sub,who,confidence,note,text
468,genesis_19_11,Genesis 19:11,OT,Genesis,19,11,word,physical,struck,The men of Sodom,high,Struck so they could not find the door.,"And they struck the men at the entrance, young and old, with blindness, so that they wearied themselves trying to find the door."
728,genesis_27_1,Genesis 27:1,OT,Genesis,27,1,described,physical,age,Isaac,high,Eyes so weak he could no longer see.,"When Isaac was old and his eyes were so weak that he could no longer see, he called his older son Esau and said to him, “My son.” “Here I am,” Esau replied."
812,genesis_29_17,Genesis 29:17,OT,Genesis,29,17,described,physical,possible,Leah,low,Leah's eyes; the meaning of the Hebrew is disputed.,"Leah had weak eyes, but Rachel was shapely and beautiful."
1461,genesis_48_10,Genesis 48:10,OT,Genesis,48,10,described,physical,age,Jacob (Israel),high,"Could hardly see, yet blesses Ephraim and Manasseh knowingly.","Now Israel’s eyesight was poor because of old age; he could hardly see. Joseph brought his sons to him, and his father kissed them and embraced them."
1612,exodus_4_11,Exodus 4:11,OT,Exodus,4,11,word,physical,god_makes,,high,"God to Moses: who makes the sighted or the blind? Is it not I, the LORD?","And the LORD said to him, “Who gave man his mouth? Or who makes the mute or the deaf, the sighted or the blind? Is it not I, the LORD?"
2103,exodus_21_26,Exodus 21:26,OT,Exodus,21,26,word,legal,injury,,high,A servant blinded in one eye by his master goes free.,"If a man strikes and blinds the eye of his manservant or maidservant, he must let the servant go free as compensation for the eye."
2152,exodus_23_8,Exodus 23:8,OT,Exodus,23,8,word,figurative,bribe,,high,,"Do not accept a bribe, for a bribe blinds those who see and twists the words of the righteous."
3295,leviticus_19_14,Leviticus 19:14,OT,Leviticus,19,14,word,legal,protection,,high,Do not put a stumbling block before the blind.,"You must not curse the deaf or place a stumbling block before the blind, but you shall fear your God. I am the LORD."
3363,leviticus_21_18,Leviticus 21:18,OT,Leviticus,21,18,word,legal,priesthood,,high,A blind descendant of Aaron may not approach to offer; verse 22 says he may still eat the holy food.,"No man who has any defect may approach—no man who is blind, lame, disfigured, or deformed;"
3391,leviticus_22_22,Leviticus 22:22,OT,Leviticus,22,22,word,legal,sacrifice,,high,Blind animals are not to be offered.,"You are not to present to the LORD any animal that is blind, injured, or maimed, or anything with a running sore, a festering rash, or a scab; you must not put any of these on the altar as a food offering to the LORD."
5340,deuteronomy_15_21,Deuteronomy 15:21,OT,Deuteronomy,15,21,word,legal,sacrifice,,high,Blind animals are not to be offered.,"But if an animal has a defect, is lame or blind, or has any serious flaw, you must not sacrifice it to the LORD your God."
5361,deuteronomy_16_19,Deuteronomy 16:19,OT,Deuteronomy,16,19,word,figurative,bribe,,high,,"Do not deny justice or show partiality. Do not accept a bribe, for a bribe blinds the eyes of the wise and twists the words of the righteous."
5603,deuteronomy_27_18,Deuteronomy 27:18,OT,Deuteronomy,27,18,word,legal,protection,,high,Cursed is he who lets a blind man wander in the road.,"‘Cursed is he who lets a blind man wander in the road.’ And let all the people say, ‘Amen!’"
5639,deuteronomy_28_28,Deuteronomy 28:28,OT,Deuteronomy,28,28,word,figurative,curse,,medium,Listed between madness and confusion of mind; could be read as physical.,"The LORD will afflict you with madness, blindness, and confusion of mind,"
5640,deuteronomy_28_29,Deuteronomy 28:29,OT,Deuteronomy,28,29,word,figurative,simile,,high,Groping at noon like a blind man in the darkness.,"and at noon you will grope about like a blind man in the darkness. You will not prosper in your ways. Day after day you will be oppressed and plundered, with no one to save you."
5846,deuteronomy_34_7,Deuteronomy 34:7,OT,Deuteronomy,34,7,described,physical,age,Moses,high,The contrast: at 120 his eyes were not weak.,"Moses was a hundred and twenty years old when he died, yet his eyes were not weak, and his vitality had not diminished."
6970,judges_16_21,Judges 16:21,OT,Judges,16,21,described,physical,struck,Samson,high,Eyes gouged out by the Philistines.,"Then the Philistines seized him, gouged out his eyes, and brought him down to Gaza, where he was bound with bronze shackles and forced to grind grain in the prison."
6977,judges_16_28,Judges 16:28,OT,Judges,16,28,described,physical,struck,Samson,high,His last prayer mentions his two eyes.,"Then Samson called out to the LORD: “O Lord GOD, please remember me. Strengthen me, O God, just once more, so that with one vengeful blow I may pay back the Philistines for my two eyes.”"
7278,1samuel_3_2,1 Samuel 3:2,OT,1 Samuel,3,2,described,physical,age,Eli,high,,"And at that time Eli, whose eyesight had grown so dim that he could not see, was lying in his room."
7312,1samuel_4_15,1 Samuel 4:15,OT,1 Samuel,4,15,described,physical,age,Eli,high,Ninety-eight years old and could not see.,"Now Eli was ninety-eight years old, and his gaze was fixed because he could not see."
7447,1samuel_11_2,1 Samuel 11:2,OT,1 Samuel,11,2,described,physical,threat,The men of Jabesh-gilead,high,Nahash demands every right eye; Saul prevents it.,"But Nahash the Ammonite replied, “I will make a treaty with you on one condition, that I may put out everyone’s right eye and bring reproach upon all Israel.”"
8138,2samuel_5_6,2 Samuel 5:6,OT,2 Samuel,5,6,word,physical,group,The blind and the lame of Jerusalem,medium,A taunt by the Jebusites. A hard passage; readings differ.,"Now the king and his men marched to Jerusalem against the Jebusites who inhabited the land. The Jebusites said to David: “You will never get in here. Even the blind and lame can repel you.” For they thought, “David cannot get in here.”"
8140,2samuel_5_8,2 Samuel 5:8,OT,2 Samuel,5,8,word,physical,group,The blind and the lame of Jerusalem,medium,David's reply and the saying that followed. A hard passage; readings differ.,"On that day he said, “Whoever attacks the Jebusites must use the water shaft to reach the lame and blind who are despised by David.” That is why it is said, “The blind and the lame will never enter the palace.”"
9222,1kings_14_4,1 Kings 14:4,OT,1 Kings,14,4,described,physical,age,Ahijah the prophet,high,"Could not see, yet knows who is at the door (verses 5 and 6).","Jeroboam’s wife did as instructed; she arose and went to Shiloh and arrived at Ahijah’s house. Now Ahijah could not see, for his eyes were dim because of his age."
9692,2kings_6_18,2 Kings 6:18,OT,2 Kings,6,18,word,physical,struck,The Aramean raiders,high,Struck at Elisha's prayer; sight returns in verse 20.,"As the Arameans came down against him, Elisha prayed to the LORD, “Please strike these people with blindness.” So He struck them with blindness, according to the word of Elisha."
9694,2kings_6_20,2 Kings 6:20,OT,2 Kings,6,20,described,physical,healing,The Aramean raiders,high,Their sight returns at Elisha's prayer.,"When they had entered Samaria, Elisha said, “O LORD, open the eyes of these men that they may see.” Then the LORD opened their eyes, and they looked around and discovered that they were in Samaria."
10229,2kings_25_7,2 Kings 25:7,OT,2 Kings,25,7,described,physical,struck,Zedekiah,high,Eyes put out by the Babylonians.,"And they slaughtered the sons of Zedekiah before his eyes. Then they put out his eyes, bound him with bronze shackles, and took him to Babylon."
13075,job_9_24,Job 9:24,OT,Job,9,24,word,other,blindfold,,high,"Blindfolds judges: a picture of injustice, not blindness.","The earth is given into the hand of the wicked; He blindfolds its judges. If it is not He, then who is it?"
13267,job_17_7,Job 17:7,OT,Job,17,7,described,figurative,grief,Job,medium,My eyes have grown dim with grief.,"My eyes have grown dim with grief, and my whole body is but a shadow."
13547,job_29_15,Job 29:15,OT,Job,29,15,word,physical,care,Job,high,I served as eyes to the blind.,I served as eyes to the blind and as feet to the lame.
13992,psalm_6_7,Psalm 6:7,OT,Psalm,6,7,described,figurative,grief,,medium,My eyes fail from grief.,My eyes fail from grief; they grow dim because of all my foes.
14500,psalm_38_10,Psalm 38:10,OT,Psalm,38,10,described,figurative,grief,,medium,The light of my eyes has faded.,"My heart pounds, my strength fails, and even the light of my eyes has faded."
15317,psalm_88_9,Psalm 88:9,OT,Psalm,88,9,described,figurative,grief,,medium,My eyes grow dim with grief.,"My eyes grow dim with grief. I call to You daily, O LORD; I spread out my hands to You."
16349,psalm_146_8,Psalm 146:8,OT,Psalm,146,8,word,promise,restoration,,medium,The LORD opens the eyes of the blind; set among acts of care for the oppressed.,"the LORD opens the eyes of the blind, the LORD lifts those who are weighed down, the LORD loves the righteous."
18202,isaiah_29_9,Isaiah 29:9,OT,Isaiah,29,9,word,figurative,people_of_god,,high,,"Stop and be astonished; blind yourselves and be sightless; be drunk, but not with wine; stagger, but not from strong drink."
18211,isaiah_29_18,Isaiah 29:18,OT,Isaiah,29,18,word,promise,restoration,,medium,,"On that day the deaf will hear the words of the scroll, and out of the deep darkness the eyes of the blind will see."
18325,isaiah_35_5,Isaiah 35:5,OT,Isaiah,35,5,word,promise,restoration,,medium,Quoted by Jesus's answer to John the Baptist (Matthew 11:5).,Then the eyes of the blind will be opened and the ears of the deaf unstopped.
18487,isaiah_42_7,Isaiah 42:7,OT,Isaiah,42,7,word,promise,restoration,,medium,The servant's task: to open the eyes of the blind.,"to open the eyes of the blind, to bring prisoners out of the dungeon and those sitting in darkness out from the prison house."
18496,isaiah_42_16,Isaiah 42:16,OT,Isaiah,42,16,word,promise,restoration,,medium,I will lead the blind by a way they did not know.,"I will lead the blind by a way they did not know; I will guide them on unfamiliar paths. I will turn darkness into light before them and rough places into level ground. These things I will do for them, and I will not forsake them."
18498,isaiah_42_18,Isaiah 42:18,OT,Isaiah,42,18,word,figurative,people_of_god,,high,,"Listen, you deaf ones; look, you blind ones, that you may see!"
18499,isaiah_42_19,Isaiah 42:19,OT,Isaiah,42,19,word,figurative,people_of_god,,high,,"Who is blind but My servant, or deaf like the messenger I am sending? Who is blind like My covenant partner, or blind like the servant of the LORD?"
18513,isaiah_43_8,Isaiah 43:8,OT,Isaiah,43,8,word,figurative,people_of_god,,high,Eyes but blind.,"Bring out a people who have eyes but are blind, and who have ears but are deaf."
18763,isaiah_56_10,Isaiah 56:10,OT,Isaiah,56,10,word,figurative,leaders,,high,Israel's watchmen are blind.,"Israel’s watchmen are blind, they are all oblivious; they are all mute dogs, they cannot bark; they are dreamers lying around, loving to slumber."
18810,isaiah_59_10,Isaiah 59:10,OT,Isaiah,59,10,word,figurative,simile,,high,Like the blind we feel our way along the wall.,"Like the blind, we feel our way along the wall, groping like those without eyes. We stumble at midday as in the twilight; among the vigorous we are like the dead."
19699,jeremiah_31_8,Jeremiah 31:8,OT,Jeremiah,31,8,word,physical,group,The blind and the lame among the returning exiles,high,God gathers them home with everyone else.,"Behold, I will bring them from the land of the north and gather them from the farthest parts of the earth, including the blind and the lame, expectant mothers and women in labor. They will return as a great assembly!"
19930,jeremiah_39_7,Jeremiah 39:7,OT,Jeremiah,39,7,described,physical,struck,Zedekiah,high,,Then he put out Zedekiah’s eyes and bound him with bronze chains to take him to Babylon.
20287,jeremiah_52_11,Jeremiah 52:11,OT,Jeremiah,52,11,described,physical,struck,Zedekiah,high,,"Then he put out Zedekiah’s eyes, bound him with bronze shackles, and took him to Babylon, where he kept him in custody until his dying day."
20434,lamentations_4_14,Lamentations 4:14,OT,Lamentations,4,14,word,figurative,simile,,medium,They wandered blind in the streets.,"They wandered blind in the streets, defiled by this blood, so that no one dared to touch their garments."
20459,lamentations_5_17,Lamentations 5:17,OT,Lamentations,5,17,described,figurative,grief,,medium,Our eyes grow dim.,"Because of this, our hearts are faint; because of these, our eyes grow dim—"
22804,zephaniah_1_17,Zephaniah 1:17,OT,Zephaniah,1,17,word,figurative,simile,,high,They will walk like the blind.,"I will bring such distress on mankind that they will walk like the blind, because they have sinned against the LORD. Their blood will be poured out like dust and their flesh like dung."
23045,zechariah_11_17,Zechariah 11:17,OT,Zechariah,11,17,word,figurative,curse,The worthless shepherd,medium,An oracle: may his right eye be blinded.,"Woe to the worthless shepherd, who deserts the flock! May a sword strike his arm and his right eye! May his arm be completely withered and his right eye utterly blinded!”"
23049,zechariah_12_4,Zechariah 12:4,OT,Zechariah,12,4,word,figurative,curse,The horses of the nations,medium,An oracle of battle: horses struck with blindness.,"On that day, declares the LORD, I will strike every horse with panic, and every rider with madness. I will keep a watchful eye on the house of Judah, but I will strike with blindness all the horses of the nations."
23097,malachi_1_8,Malachi 1:8,OT,Malachi,1,8,word,legal,sacrifice,,high,Blind animals offered in contempt.,"When you offer blind animals for sacrifice, is it not wrong? And when you present the lame and sick ones, is it not wrong? Try offering them to your governor! Would he be pleased with you or show you favor?” asks the LORD of Hosts."
23406,matthew_9_27,Matthew 9:27,NT,Matthew,9,27,word,physical,healing,Two blind men (Galilee),high,,"As Jesus went on from there, two blind men followed Him, crying out, “Have mercy on us, Son of David!”"
23407,matthew_9_28,Matthew 9:28,NT,Matthew,9,28,word,physical,healing,Two blind men (Galilee),high,,"After Jesus had entered the house, the blind men came to Him. “Do you believe that I am able to do this?” He asked. “Yes, Lord,” they answered."
23408,matthew_9_29,Matthew 9:29,NT,Matthew,9,29,described,physical,healing,Two blind men (Galilee),high,,"Then He touched their eyes and said, “According to your faith will it be done to you.”"
23409,matthew_9_30,Matthew 9:30,NT,Matthew,9,30,described,physical,healing,Two blind men (Galilee),high,,"And their eyes were opened. Jesus warned them sternly, “See that no one finds out about this!”"
23464,matthew_11_5,Matthew 11:5,NT,Matthew,11,5,word,physical,healing,Jesus's answer to John the Baptist,high,The blind receive sight; echoes Isaiah 35:5.,"The blind receive sight, the lame walk, the lepers are cleansed, the deaf hear, the dead are raised, and the good news is preached to the poor."
23511,matthew_12_22,Matthew 12:22,NT,Matthew,12,22,word,physical,healing,A blind and mute man,high,,"Then a demon-possessed man who was blind and mute was brought to Jesus, and He healed the man so that he could speak and see."
23647,matthew_15_14,Matthew 15:14,NT,Matthew,15,14,word,figurative,leaders,,high,Blind guides.,"Disregard them! They are blind guides. If a blind man leads a blind man, both will fall into a pit.”"
23663,matthew_15_30,Matthew 15:30,NT,Matthew,15,30,word,physical,healing,Crowds by the Sea of Galilee,high,,"Large crowds came to Him, bringing the lame, the blind, the crippled, the mute, and many others, and laid them at His feet, and He healed them."
23664,matthew_15_31,Matthew 15:31,NT,Matthew,15,31,word,physical,healing,Crowds by the Sea of Galilee,high,,"The crowd was amazed when they saw the mute speaking, the crippled restored, the lame walking, and the blind seeing. And they glorified the God of Israel."
23822,matthew_20_30,Matthew 20:30,NT,Matthew,20,30,word,physical,healing,Two blind men near Jericho,high,,"And there were two blind men sitting beside the road. When they heard that Jesus was passing by, they cried out, “Lord, Son of David, have mercy on us!”"
23825,matthew_20_33,Matthew 20:33,NT,Matthew,20,33,described,physical,healing,Two blind men near Jericho,high,,"“Lord,” they answered, “let our eyes be opened.”"
23826,matthew_20_34,Matthew 20:34,NT,Matthew,20,34,described,physical,healing,Two blind men near Jericho,high,,"Moved with compassion, Jesus touched their eyes, and at once they received their sight and followed Him."
23840,matthew_21_14,Matthew 21:14,NT,Matthew,21,14,word,physical,healing,The blind and the lame in the temple,high,Compare 2 Samuel 5:8.,"The blind and the lame came to Him at the temple, and He healed them."
23934,matthew_23_16,Matthew 23:16,NT,Matthew,23,16,word,figurative,leaders,,high,,"Woe to you, blind guides! You say, ‘If anyone swears by the temple, it means nothing; but if anyone swears by the gold of the temple, he is bound by his oath.’"
23935,matthew_23_17,Matthew 23:17,NT,Matthew,23,17,word,figurative,leaders,,high,,"You blind fools! Which is greater: the gold, or the temple that makes it sacred?"
23937,matthew_23_19,Matthew 23:19,NT,Matthew,23,19,word,figurative,leaders,,high,,"You blind men! Which is greater: the gift, or the altar that makes it sacred?"
23942,matthew_23_24,Matthew 23:24,NT,Matthew,23,24,word,figurative,leaders,,high,,You blind guides! You strain out a gnat but swallow a camel.
23944,matthew_23_26,Matthew 23:26,NT,Matthew,23,26,word,figurative,leaders,,high,,"Blind Pharisee! First clean the inside of the cup and dish, so that the outside may become clean as well."
24522,mark_8_22,Mark 8:22,NT,Mark,8,22,word,physical,healing,The blind man at Bethsaida,high,,"When they arrived at Bethsaida, some people brought a blind man and begged Jesus to touch him."
24523,mark_8_23,Mark 8:23,NT,Mark,8,23,word,physical,healing,The blind man at Bethsaida,high,,So He took the blind man by the hand and led him out of the village. Then He spit on the man’s eyes and placed His hands on him. “Can you see anything?” He asked.
24524,mark_8_24,Mark 8:24,NT,Mark,8,24,described,physical,healing,The blind man at Bethsaida,high,Healed in two stages.,"The man looked up and said, “I can see the people, but they look like trees walking around.”"
24525,mark_8_25,Mark 8:25,NT,Mark,8,25,described,physical,healing,The blind man at Bethsaida,high,,"Once again Jesus placed His hands on the man’s eyes, and when he opened them his sight was restored, and he could see everything clearly."
24634,mark_10_46,Mark 10:46,NT,Mark,10,46,word,physical,healing,Bartimaeus,high,,"Next, they came to Jericho. And as Jesus and His disciples were leaving Jericho with a large crowd, a blind beggar named Bartimaeus, the son of Timaeus, was sitting beside the road."
24637,mark_10_49,Mark 10:49,NT,Mark,10,49,word,physical,healing,Bartimaeus,high,,"Jesus stopped and said, “Call him.” So they called the blind man. “Take courage!” they said. “Get up! He is calling for you.”"
24639,mark_10_51,Mark 10:51,NT,Mark,10,51,word,physical,healing,Bartimaeus,high,,"“What do you want Me to do for you?” Jesus asked. “Rabboni,” said the blind man, “let me see again.”"
24640,mark_10_52,Mark 10:52,NT,Mark,10,52,described,physical,healing,Bartimaeus,high,Your faith has healed you.,"“Go,” said Jesus, “your faith has healed you.” And immediately he received his sight and followed Jesus along the road."
24819,mark_14_65,Mark 14:65,NT,Mark,14,65,word,other,blindfold,,high,Jesus blindfolded and struck.,"Then some of them began to spit on Him. They blindfolded Him, struck Him with their fists, and said to Him, “Prophesy!” And the officers received Him with slaps in His face."
25081,luke_4_18,Luke 4:18,NT,Luke,4,18,word,promise,restoration,,medium,Jesus reads Isaiah in Nazareth: recovery of sight to the blind.,"“The Spirit of the Lord is on Me, because He has anointed Me to preach good news to the poor. He has sent Me to proclaim liberty to the captives and recovery of sight to the blind, to release the oppressed,"
25185,luke_6_39,Luke 6:39,NT,Luke,6,39,word,figurative,leaders,,high,Can a blind man lead a blind man?,Jesus also told them a parable: “Can a blind man lead a blind man? Will they not both fall into a pit?
25216,luke_7_21,Luke 7:21,NT,Luke,7,21,word,physical,healing,Jesus's answer to John the Baptist,high,,"At that very hour Jesus healed many people of their diseases, afflictions, and evil spirits, and He gave sight to many who were blind."
25217,luke_7_22,Luke 7:22,NT,Luke,7,22,word,physical,healing,Jesus's answer to John the Baptist,high,,"So He replied, “Go back and report to John what you have seen and heard: The blind receive sight, the lame walk, the lepers are cleansed, the deaf hear, the dead are raised, and the good news is preached to the poor."
25566,luke_14_13,Luke 14:13,NT,Luke,14,13,word,physical,care,Guests at the banquet,high,"Invite the poor, the crippled, the lame and the blind.","But when you host a banquet, invite the poor, the crippled, the lame, and the blind,"
25574,luke_14_21,Luke 14:21,NT,Luke,14,21,word,physical,care,Guests at the banquet,high,Parable of the great banquet.,"The servant returned and reported all this to his master. Then the owner of the house became angry and said to his servant, ‘Go out quickly into the streets and alleys of the city, and bring in the poor, the crippled, the blind, and the lame.’"
25723,luke_18_35,Luke 18:35,NT,Luke,18,35,word,physical,healing,The blind man near Jericho,high,Luke's account of the Jericho healing.,"As Jesus drew near to Jericho, a blind man was sitting beside the road, begging."
25729,luke_18_41,Luke 18:41,NT,Luke,18,41,described,physical,healing,The blind man near Jericho,high,,"“What do you want Me to do for you?” “Lord,” he said, “let me see again.”"
25730,luke_18_42,Luke 18:42,NT,Luke,18,42,described,physical,healing,The blind man near Jericho,high,,“Receive your sight!” Jesus replied. “Your faith has healed you.”
25731,luke_18_43,Luke 18:43,NT,Luke,18,43,described,physical,healing,The blind man near Jericho,high,,"Immediately he received his sight and followed Jesus, glorifying God. And all the people, when they saw it, gave praise to God."
25928,luke_22_64,Luke 22:64,NT,Luke,22,64,word,other,blindfold,,high,Jesus blindfolded and struck.,"They blindfolded Him and kept demanding, “Prophesy! Who hit You?”"
26213,john_5_3,John 5:3,NT,John,5,3,word,physical,group,The sick at the pool of Bethesda,high,,"On these walkways lay a great number of the sick, the blind, the lame, and the paralyzed."
26441,john_9_1,John 9:1,NT,John,9,1,word,physical,healing,The man born blind,high,,"Now as Jesus was passing by, He saw a man blind from birth,"
26442,john_9_2,John 9:2,NT,John,9,2,word,physical,healing,The man born blind,high,Who sinned? Jesus answers in verse 3: neither.,"and His disciples asked Him, “Rabbi, who sinned, this man or his parents, that he was born blind?”"
26443,john_9_3,John 9:3,NT,John,9,3,described,physical,healing,The man born blind,high,Neither this man nor his parents sinned.,"Jesus answered, “Neither this man nor his parents sinned, but this happened so that the works of God would be displayed in him."
26446,john_9_6,John 9:6,NT,John,9,6,described,physical,healing,The man born blind,high,,"When Jesus had said this, He spit on the ground, made some mud, and applied it to the man’s eyes."
26447,john_9_7,John 9:7,NT,John,9,7,described,physical,healing,The man born blind,high,,"Then He told him, “Go, wash in the Pool of Siloam” (which means “Sent”). So the man went and washed, and came back seeing."
26451,john_9_11,John 9:11,NT,John,9,11,described,physical,healing,The man born blind,high,,"He answered, “The man they call Jesus made some mud and anointed my eyes, and He told me to go to Siloam and wash. So I went and washed and received my sight.”"
26453,john_9_13,John 9:13,NT,John,9,13,word,physical,healing,The man born blind,high,,They brought to the Pharisees the man who had been blind.
26455,john_9_15,John 9:15,NT,John,9,15,described,physical,healing,The man born blind,high,,"So the Pharisees also asked him how he had received his sight. The man answered, “He put mud on my eyes, and I washed, and now I can see.”"
26457,john_9_17,John 9:17,NT,John,9,17,word,physical,healing,The man born blind,high,,"So once again they asked the man who had been blind, “What do you say about Him, since it was your eyes He opened?” “He is a prophet,” the man replied."
26458,john_9_18,John 9:18,NT,John,9,18,word,physical,healing,The man born blind,high,,The Jews still did not believe that the man had been blind and had received his sight until they summoned his parents
26459,john_9_19,John 9:19,NT,John,9,19,word,physical,healing,The man born blind,high,,"and asked, “Is this your son, the one you say was born blind? So how is it that he can now see?”"
26460,john_9_20,John 9:20,NT,John,9,20,word,physical,healing,The man born blind,high,,"His parents answered, “We know he is our son, and we know he was born blind."
26464,john_9_24,John 9:24,NT,John,9,24,word,physical,healing,The man born blind,high,,"So a second time they called for the man who had been blind and said, “Give glory to God! We know that this man is a sinner.”"
26465,john_9_25,John 9:25,NT,John,9,25,word,physical,healing,The man born blind,high,"I was blind, but now I see.","He answered, “Whether He is a sinner I do not know. There is one thing I do know: I was blind, but now I see!”"
26470,john_9_30,John 9:30,NT,John,9,30,described,physical,healing,The man born blind,high,,"“That is remarkable indeed!” the man said. “You do not know where He is from, and yet He opened my eyes."
26472,john_9_32,John 9:32,NT,John,9,32,word,physical,healing,The man born blind,high,,Never before has anyone heard of opening the eyes of a man born blind.
26479,john_9_39,John 9:39,NT,John,9,39,word,figurative,unbelief,,medium,The chapter turns here from physical to spiritual sight.,"Then Jesus declared, “For judgment I have come into this world, so that the blind may see and those who see may become blind.”"
26480,john_9_40,John 9:40,NT,John,9,40,word,figurative,unbelief,,high,,"Some of the Pharisees who were with Him heard this, and they asked Him, “Are we blind too?”"
26481,john_9_41,John 9:41,NT,John,9,41,word,figurative,unbelief,,high,,"“If you were blind,” Jesus replied, “you would not be guilty of sin. But since you claim you can see, your guilt remains.”"
26502,john_10_21,John 10:21,NT,John,10,21,word,physical,healing,The man born blind,high,Looking back on John 9.,"But others replied, “These are not the words of a man possessed by a demon. Can a demon open the eyes of the blind?”"
26560,john_11_37,John 11:37,NT,John,11,37,word,physical,healing,The man born blind,high,Looking back on John 9.,"But some of them asked, “Could not this man who opened the eyes of the blind also have kept Lazarus from dying?”"
26620,john_12_40,John 12:40,NT,John,12,40,word,figurative,unbelief,,high,Quoting Isaiah 6:10.,"“He has blinded their eyes and hardened their hearts, so that they cannot see with their eyes, and understand with their hearts, and turn, and I would heal them.”"
27224,acts_9_8,Acts 9:8,NT,Acts,9,8,described,physical,struck,Paul (Saul),high,Could not see a thing; led by the hand.,"Saul got up from the ground, but when he opened his eyes he could not see a thing. So they led him by the hand into Damascus."
27225,acts_9_9,Acts 9:9,NT,Acts,9,9,described,physical,struck,Paul (Saul),high,Three days without sight.,"For three days he was without sight, and he did not eat or drink anything."
27228,acts_9_12,Acts 9:12,NT,Acts,9,12,described,physical,healing,Paul (Saul),high,,In a vision he has seen a man named Ananias come and place his hands on him to restore his sight.”
27233,acts_9_17,Acts 9:17,NT,Acts,9,17,described,physical,healing,Paul (Saul),high,,"So Ananias went to the house, and when he arrived, he placed his hands on Saul. “Brother Saul,” he said, “the Lord Jesus, who appeared to you on the road as you were coming here, has sent me so that you may see again and be filled with the Holy Spirit.”"
27234,acts_9_18,Acts 9:18,NT,Acts,9,18,described,physical,healing,Paul (Saul),high,Something like scales fell from his eyes.,"At that instant, something like scales fell from Saul’s eyes, and his sight was restored. He got up and was baptized,"
27373,acts_13_11,Acts 13:11,NT,Acts,13,11,word,physical,struck,Elymas the sorcerer,high,Blind for a time.,"Now look, the hand of the Lord is against you, and for a time you will be blind and unable to see the light of the sun.” Immediately mist and darkness came over him, and he groped about, seeking someone to lead him by the hand."
27715,acts_22_11,Acts 22:11,NT,Acts,22,11,word,physical,struck,Paul (Saul),high,Paul retells the Damascus road.,"Because the brilliance of the light had blinded me, my companions led me by the hand into Damascus."
27717,acts_22_13,Acts 22:13,NT,Acts,22,13,described,physical,healing,Paul (Saul),high,,"came and stood beside me. ‘Brother Saul,’ he said, ‘receive your sight.’ And at that moment I could see him."
27981,romans_2_19,Romans 2:19,NT,Romans,2,19,word,figurative,leaders,,high,A guide for the blind.,"if you are convinced that you are a guide for the blind, a light for those in darkness,"
28217,romans_11_8,Romans 11:8,NT,Romans,11,8,described,figurative,unbelief,,high,Eyes that could not see.,"as it is written: “God gave them a spirit of stupor, eyes that could not see, and ears that could not hear, to this very day.”"
28863,2corinthians_4_4,2 Corinthians 4:4,NT,2 Corinthians,4,4,word,figurative,unbelief,,high,,"The god of this age has blinded the minds of unbelievers, so they cannot see the light of the gospel of the glory of Christ, who is the image of God."
29146,galatians_4_15,Galatians 4:15,NT,Galatians,4,15,described,physical,possible,Paul,low,You would have torn out your eyes and given them to me. Some read this as a sign of an eye condition.,"What then has become of your blessing? For I can testify that, if it were possible, you would have torn out your eyes and given them to me."
29199,galatians_6_11,Galatians 6:11,NT,Galatians,6,11,described,physical,possible,Paul,low,See what large letters I use. Some read this as a sign of poor sight.,See what large letters I am using to write to you with my own hand!
30488,2peter_1_9,2 Peter 1:9,NT,2 Peter,1,9,word,figurative,unbelief,,high,Nearsighted to the point of blindness.,"But whoever lacks these traits is nearsighted to the point of blindness, having forgotten that he has been cleansed from his past sins."
30561,1john_2_11,1 John 2:11,NT,1 John,2,11,word,figurative,unbelief,,high,,"But whoever hates his brother is in the darkness and walks in the darkness. He does not know where he is going, because the darkness has blinded his eyes."
30763,revelation_3_17,Revelation 3:17,NT,Revelation,3,17,word,figurative,people_of_god,The church in Laodicea,high,,"You say, ‘I am rich; I have grown wealthy and need nothing.’ But you do not realize that you are wretched, pitiful, poor, blind, and naked."
