id,speaker,start_sec,end_sec,confidence,first_words
001,NARRATOR,3.00,7.08,96.9,"Jesus has a man by the hand, and"
002,NARRATOR,10.58,49.70,181.6,"Before that, though, stand in the town a"
003,NARRATOR,51.20,67.04,176.8,"And the smell of the place, which is"
004,NARRATOR,68.54,110.86,187.1,A blind man in a town like that
005,NARRATOR,112.86,131.42,148.2,"Hold on to that, because he is about"
006,NARRATOR,133.42,145.02,183.1,Today there is something else in it. A
007,NARRATOR,146.52,157.96,137.8,In a minute Jesus is going to do
008,NARRATOR,162.46,184.46,162.1,"This is Not By Sight, a series on"
009,NARRATOR,186.06,213.34,178.9,"First, where we are, and it matters more"
010,READER,214.14,272.94,135.8,"Now the disciples had forgotten to take bread,"
011,NARRATOR,274.94,293.18,151.0,"Having eyes, do you not see? He says"
012,READER,294.18,335.14,169.1,"When they arrived at Bethsaida, some people brought"
013,NARRATOR,336.64,353.12,160.4,Mark puts the two stories side by side
014,NARRATOR,358.12,515.40,154.0,The place. Bethsaida means house of fish. It
015,READER,516.40,566.48,195.8,Then Jesus began to denounce the cities in
016,NARRATOR,567.98,584.86,245.8,A town that had seen so much and
017,NARRATOR,586.86,605.98,294.9,"Scripture tells us he was brought, that Jesus"
018,FRIEND,609.98,616.06,433.4,He is here. The boat is in. Come
019,MAN,617.56,623.32,217.3,Slow down. I know the way to the
020,FRIEND,625.32,630.76,346.4,"Teacher! This man, our friend. Touch him. Please."
021,MAN,633.76,672.72,123.8,A hand takes mine. Not my friend's hand.
022,MAN,674.72,676.80,155.3,"Oh. Oh, there is the lake."
023,NARRATOR,678.80,689.04,183.2,Mark says he looked intently and his sight
024,NARRATOR,692.54,715.02,192.4,A word about the voice you are about
025,BRIAN,716.52,769.96,233.2,People like trees walking. Of every line about
026,NARRATOR,772.96,842.72,184.9,"Back to the boat for a moment, because"
027,BRIAN,844.22,885.74,238.5,Jesus led him by the hand. Not a
028,BRIAN,890.24,942.40,232.1,Let me tell you what it is actually
029,BRIAN,944.90,992.98,199.0,I am saying this next part while being
030,BRIAN,995.48,1002.68,201.8,I may not always be able to see
031,NARRATOR,1004.68,1047.16,179.4,A last word for anyone listening who lives
032,NARRATOR,1049.16,1050.84,101.0,Jesus makes it right.
033,NARRATOR,1053.84,1081.36,212.1,This has been Not By Sight. The full
