work,term,occurrences,paragraphs
"Edersheim, Sketches of Jewish Social Life",blind,9,7
"Edersheim, Sketches of Jewish Social Life",blindness,0,0
"Edersheim, Sketches of Jewish Social Life",born blind,1,1
"Edersheim, Sketches of Jewish Social Life",Siloam,0,0
"Edersheim, Sketches of Jewish Social Life",Shiloah,2,2
"Edersheim, Sketches of Jewish Social Life",Bethsaida,2,2
"Edersheim, Sketches of Jewish Social Life",Bethesda,0,0
"Edersheim, Sketches of Jewish Social Life",Bartimaeus,0,0
"Edersheim, Sketches of Jewish Social Life",Jericho,7,6
"Edersheim, Sketches of Jewish Social Life",beggar,0,0
"Edersheim, Sketches of Jewish Social Life",begging,0,0
"Edersheim, Sketches of Jewish Social Life",alms,3,3
"Edersheim, Sketches of Jewish Social Life",mikveh,0,0
"Edersheim, Sketches of Jewish Social Life",Gihon,0,0
"Edersheim, Sketches of Jewish Social Life",Hezekiah's tunnel,0,0
"Edersheim, Sketches of Jewish Social Life",eyes+sight,0,0
"Edersheim, Life and Times of Jesus the Messiah",blind,94,75
"Edersheim, Life and Times of Jesus the Messiah",blindness,24,17
"Edersheim, Life and Times of Jesus the Messiah",born blind,8,8
"Edersheim, Life and Times of Jesus the Messiah",Siloam,18,11
"Edersheim, Life and Times of Jesus the Messiah",Shiloah,7,6
"Edersheim, Life and Times of Jesus the Messiah",Bethsaida,46,31
"Edersheim, Life and Times of Jesus the Messiah",Bethesda,21,15
"Edersheim, Life and Times of Jesus the Messiah",Bartimaeus,0,0
"Edersheim, Life and Times of Jesus the Messiah",Jericho,43,31
"Edersheim, Life and Times of Jesus the Messiah",beggar,8,7
"Edersheim, Life and Times of Jesus the Messiah",begging,7,7
"Edersheim, Life and Times of Jesus the Messiah",alms,24,17
"Edersheim, Life and Times of Jesus the Messiah",mikveh,0,0
"Edersheim, Life and Times of Jesus the Messiah",Gihon,4,2
"Edersheim, Life and Times of Jesus the Messiah",Hezekiah's tunnel,0,0
"Edersheim, Life and Times of Jesus the Messiah",eyes+sight,14,14
"Josephus (Whiston), Antiquities of the Jews",blind,9,9
"Josephus (Whiston), Antiquities of the Jews",blindness,2,2
"Josephus (Whiston), Antiquities of the Jews",born blind,0,0
"Josephus (Whiston), Antiquities of the Jews",Siloam,1,1
"Josephus (Whiston), Antiquities of the Jews",Shiloah,10,9
"Josephus (Whiston), Antiquities of the Jews",Bethsaida,1,1
"Josephus (Whiston), Antiquities of the Jews",Bethesda,0,0
"Josephus (Whiston), Antiquities of the Jews",Bartimaeus,0,0
"Josephus (Whiston), Antiquities of the Jews",Jericho,54,44
"Josephus (Whiston), Antiquities of the Jews",beggar,0,0
"Josephus (Whiston), Antiquities of the Jews",begging,4,4
"Josephus (Whiston), Antiquities of the Jews",alms,0,0
"Josephus (Whiston), Antiquities of the Jews",mikveh,0,0
"Josephus (Whiston), Antiquities of the Jews",Gihon,1,1
"Josephus (Whiston), Antiquities of the Jews",Hezekiah's tunnel,0,0
"Josephus (Whiston), Antiquities of the Jews",eyes+sight,6,6
"Josephus (Whiston), Wars of the Jews",blind,3,3
"Josephus (Whiston), Wars of the Jews",blindness,1,1
"Josephus (Whiston), Wars of the Jews",born blind,0,0
"Josephus (Whiston), Wars of the Jews",Siloam,9,9
"Josephus (Whiston), Wars of the Jews",Shiloah,0,0
"Josephus (Whiston), Wars of the Jews",Bethsaida,0,0
"Josephus (Whiston), Wars of the Jews",Bethesda,2,1
"Josephus (Whiston), Wars of the Jews",Bartimaeus,0,0
"Josephus (Whiston), Wars of the Jews",Jericho,35,30
"Josephus (Whiston), Wars of the Jews",beggar,0,0
"Josephus (Whiston), Wars of the Jews",begging,1,1
"Josephus (Whiston), Wars of the Jews",alms,0,0
"Josephus (Whiston), Wars of the Jews",mikveh,0,0
"Josephus (Whiston), Wars of the Jews",Gihon,0,0
"Josephus (Whiston), Wars of the Jews",Hezekiah's tunnel,0,0
"Josephus (Whiston), Wars of the Jews",eyes+sight,2,2
Smith's Bible Dictionary,blind,16,14
Smith's Bible Dictionary,blindness,5,4
Smith's Bible Dictionary,born blind,1,1
Smith's Bible Dictionary,Siloam,38,21
Smith's Bible Dictionary,Shiloah,25,15
Smith's Bible Dictionary,Bethsaida,13,8
Smith's Bible Dictionary,Bethesda,5,3
Smith's Bible Dictionary,Bartimaeus,3,3
Smith's Bible Dictionary,Jericho,78,56
Smith's Bible Dictionary,beggar,6,4
Smith's Bible Dictionary,begging,3,3
Smith's Bible Dictionary,alms,13,9
Smith's Bible Dictionary,mikveh,0,0
Smith's Bible Dictionary,Gihon,9,7
Smith's Bible Dictionary,Hezekiah's tunnel,0,0
Smith's Bible Dictionary,eyes+sight,2,2
ISBE 1915 vol 1,blind,37,29
ISBE 1915 vol 1,blindness,15,11
ISBE 1915 vol 1,born blind,0,0
ISBE 1915 vol 1,Siloam,7,6
ISBE 1915 vol 1,Shiloah,7,6
ISBE 1915 vol 1,Bethsaida,29,15
ISBE 1915 vol 1,Bethesda,3,3
ISBE 1915 vol 1,Bartimaeus,4,3
ISBE 1915 vol 1,Jericho,69,56
ISBE 1915 vol 1,beggar,22,19
ISBE 1915 vol 1,begging,19,16
ISBE 1915 vol 1,alms,52,26
ISBE 1915 vol 1,mikveh,0,0
ISBE 1915 vol 1,Gihon,1,1
ISBE 1915 vol 1,Hezekiah's tunnel,0,0
ISBE 1915 vol 1,eyes+sight,10,10
ISBE 1915 vol 2,blind,27,21
ISBE 1915 vol 2,blindness,15,12
ISBE 1915 vol 2,born blind,2,2
ISBE 1915 vol 2,Siloam,15,11
ISBE 1915 vol 2,Shiloah,19,12
ISBE 1915 vol 2,Bethsaida,1,1
ISBE 1915 vol 2,Bethesda,0,0
ISBE 1915 vol 2,Bartimaeus,0,0
ISBE 1915 vol 2,Jericho,39,37
ISBE 1915 vol 2,beggar,1,1
ISBE 1915 vol 2,begging,2,2
ISBE 1915 vol 2,alms,11,10
ISBE 1915 vol 2,mikveh,0,0
ISBE 1915 vol 2,Gihon,28,16
ISBE 1915 vol 2,Hezekiah's tunnel,0,0
ISBE 1915 vol 2,eyes+sight,11,11
ISBE 1915 vol 3,blind,59,51
ISBE 1915 vol 3,blindness,10,9
ISBE 1915 vol 3,born blind,1,1
ISBE 1915 vol 3,Siloam,52,38
ISBE 1915 vol 3,Shiloah,18,17
ISBE 1915 vol 3,Bethsaida,11,10
ISBE 1915 vol 3,Bethesda,9,8
ISBE 1915 vol 3,Bartimaeus,5,5
ISBE 1915 vol 3,Jericho,74,56
ISBE 1915 vol 3,beggar,6,6
ISBE 1915 vol 3,begging,4,4
ISBE 1915 vol 3,alms,6,5
ISBE 1915 vol 3,mikveh,0,0
ISBE 1915 vol 3,Gihon,27,22
ISBE 1915 vol 3,Hezekiah's tunnel,0,0
ISBE 1915 vol 3,eyes+sight,5,5
ISBE 1915 vol 4,blind,21,20
ISBE 1915 vol 4,blindness,9,8
ISBE 1915 vol 4,born blind,1,1
ISBE 1915 vol 4,Siloam,41,30
ISBE 1915 vol 4,Shiloah,55,36
ISBE 1915 vol 4,Bethsaida,8,4
ISBE 1915 vol 4,Bethesda,3,3
ISBE 1915 vol 4,Bartimaeus,0,0
ISBE 1915 vol 4,Jericho,47,41
ISBE 1915 vol 4,beggar,9,7
ISBE 1915 vol 4,begging,1,1
ISBE 1915 vol 4,alms,13,11
ISBE 1915 vol 4,mikveh,0,0
ISBE 1915 vol 4,Gihon,7,5
ISBE 1915 vol 4,Hezekiah's tunnel,0,0
ISBE 1915 vol 4,eyes+sight,2,2
ISBE 1915 vol 5,blind,14,14
ISBE 1915 vol 5,blindness,12,12
ISBE 1915 vol 5,born blind,0,0
ISBE 1915 vol 5,Siloam,43,39
ISBE 1915 vol 5,Shiloah,40,25
ISBE 1915 vol 5,Bethsaida,4,4
ISBE 1915 vol 5,Bethesda,10,10
ISBE 1915 vol 5,Bartimaeus,3,3
ISBE 1915 vol 5,Jericho,40,37
ISBE 1915 vol 5,beggar,7,7
ISBE 1915 vol 5,begging,7,7
ISBE 1915 vol 5,alms,16,13
ISBE 1915 vol 5,mikveh,0,0
ISBE 1915 vol 5,Gihon,17,17
ISBE 1915 vol 5,Hezekiah's tunnel,0,0
ISBE 1915 vol 5,eyes+sight,8,8
Matthew Henry vol 1 (Genesis-Deuteronomy),blind,57,43
Matthew Henry vol 1 (Genesis-Deuteronomy),blindness,8,8
Matthew Henry vol 1 (Genesis-Deuteronomy),born blind,0,0
Matthew Henry vol 1 (Genesis-Deuteronomy),Siloam,0,0
Matthew Henry vol 1 (Genesis-Deuteronomy),Shiloah,7,6
Matthew Henry vol 1 (Genesis-Deuteronomy),Bethsaida,1,1
Matthew Henry vol 1 (Genesis-Deuteronomy),Bethesda,0,0
Matthew Henry vol 1 (Genesis-Deuteronomy),Bartimaeus,0,0
Matthew Henry vol 1 (Genesis-Deuteronomy),Jericho,15,14
Matthew Henry vol 1 (Genesis-Deuteronomy),beggar,6,6
Matthew Henry vol 1 (Genesis-Deuteronomy),begging,4,4
Matthew Henry vol 1 (Genesis-Deuteronomy),alms,6,6
Matthew Henry vol 1 (Genesis-Deuteronomy),mikveh,0,0
Matthew Henry vol 1 (Genesis-Deuteronomy),Gihon,1,1
Matthew Henry vol 1 (Genesis-Deuteronomy),Hezekiah's tunnel,0,0
Matthew Henry vol 1 (Genesis-Deuteronomy),eyes+sight,30,30
Matthew Henry vol 5 (Matthew-John),blind,332,198
Matthew Henry vol 5 (Matthew-John),blindness,35,31
Matthew Henry vol 5 (Matthew-John),born blind,30,23
Matthew Henry vol 5 (Matthew-John),Siloam,19,11
Matthew Henry vol 5 (Matthew-John),Shiloah,19,17
Matthew Henry vol 5 (Matthew-John),Bethsaida,32,27
Matthew Henry vol 5 (Matthew-John),Bethesda,9,8
Matthew Henry vol 5 (Matthew-John),Bartimaeus,3,3
Matthew Henry vol 5 (Matthew-John),Jericho,20,16
Matthew Henry vol 5 (Matthew-John),beggar,51,42
Matthew Henry vol 5 (Matthew-John),begging,24,22
Matthew Henry vol 5 (Matthew-John),alms,61,42
Matthew Henry vol 5 (Matthew-John),mikveh,0,0
Matthew Henry vol 5 (Matthew-John),Gihon,0,0
Matthew Henry vol 5 (Matthew-John),Hezekiah's tunnel,0,0
Matthew Henry vol 5 (Matthew-John),eyes+sight,76,76
Matthew Henry vol 3 (Job-Song of Solomon),blind,39,35
Matthew Henry vol 3 (Job-Song of Solomon),blindness,1,1
Matthew Henry vol 3 (Job-Song of Solomon),born blind,1,1
Matthew Henry vol 3 (Job-Song of Solomon),Siloam,3,2
Matthew Henry vol 3 (Job-Song of Solomon),Shiloah,11,8
Matthew Henry vol 3 (Job-Song of Solomon),Bethsaida,0,0
Matthew Henry vol 3 (Job-Song of Solomon),Bethesda,0,0
Matthew Henry vol 3 (Job-Song of Solomon),Bartimaeus,0,0
Matthew Henry vol 3 (Job-Song of Solomon),Jericho,2,2
Matthew Henry vol 3 (Job-Song of Solomon),beggar,35,34
Matthew Henry vol 3 (Job-Song of Solomon),begging,17,16
Matthew Henry vol 3 (Job-Song of Solomon),alms,24,23
Matthew Henry vol 3 (Job-Song of Solomon),mikveh,0,0
Matthew Henry vol 3 (Job-Song of Solomon),Gihon,0,0
Matthew Henry vol 3 (Job-Song of Solomon),Hezekiah's tunnel,0,0
Matthew Henry vol 3 (Job-Song of Solomon),eyes+sight,33,33
Matthew Henry vol 4 (Isaiah-Malachi),blind,126,78
Matthew Henry vol 4 (Isaiah-Malachi),blindness,18,18
Matthew Henry vol 4 (Isaiah-Malachi),born blind,1,1
Matthew Henry vol 4 (Isaiah-Malachi),Siloam,0,0
Matthew Henry vol 4 (Isaiah-Malachi),Shiloah,40,28
Matthew Henry vol 4 (Isaiah-Malachi),Bethsaida,0,0
Matthew Henry vol 4 (Isaiah-Malachi),Bethesda,0,0
Matthew Henry vol 4 (Isaiah-Malachi),Bartimaeus,0,0
Matthew Henry vol 4 (Isaiah-Malachi),Jericho,10,10
Matthew Henry vol 4 (Isaiah-Malachi),beggar,28,27
Matthew Henry vol 4 (Isaiah-Malachi),begging,15,14
Matthew Henry vol 4 (Isaiah-Malachi),alms,9,9
Matthew Henry vol 4 (Isaiah-Malachi),mikveh,0,0
Matthew Henry vol 4 (Isaiah-Malachi),Gihon,0,0
Matthew Henry vol 4 (Isaiah-Malachi),Hezekiah's tunnel,0,0
Matthew Henry vol 4 (Isaiah-Malachi),eyes+sight,46,46
Wikipedia: Pool of Siloam,blind,8,3
Wikipedia: Pool of Siloam,blindness,0,0
Wikipedia: Pool of Siloam,born blind,0,0
Wikipedia: Pool of Siloam,Siloam,44,16
Wikipedia: Pool of Siloam,Shiloah,4,2
Wikipedia: Pool of Siloam,Bethsaida,0,0
Wikipedia: Pool of Siloam,Bethesda,1,1
Wikipedia: Pool of Siloam,Bartimaeus,0,0
Wikipedia: Pool of Siloam,Jericho,0,0
Wikipedia: Pool of Siloam,beggar,0,0
Wikipedia: Pool of Siloam,begging,0,0
Wikipedia: Pool of Siloam,alms,0,0
Wikipedia: Pool of Siloam,mikveh,1,1
Wikipedia: Pool of Siloam,Gihon,4,3
Wikipedia: Pool of Siloam,Hezekiah's tunnel,2,2
Wikipedia: Pool of Siloam,eyes+sight,0,0
Wikipedia: Siloam tunnel,blind,0,0
Wikipedia: Siloam tunnel,blindness,0,0
Wikipedia: Siloam tunnel,born blind,0,0
Wikipedia: Siloam tunnel,Siloam,33,14
Wikipedia: Siloam tunnel,Shiloah,1,1
Wikipedia: Siloam tunnel,Bethsaida,0,0
Wikipedia: Siloam tunnel,Bethesda,0,0
Wikipedia: Siloam tunnel,Bartimaeus,0,0
Wikipedia: Siloam tunnel,Jericho,0,0
Wikipedia: Siloam tunnel,beggar,0,0
Wikipedia: Siloam tunnel,begging,0,0
Wikipedia: Siloam tunnel,alms,0,0
Wikipedia: Siloam tunnel,mikveh,0,0
Wikipedia: Siloam tunnel,Gihon,13,9
Wikipedia: Siloam tunnel,Hezekiah's tunnel,20,5
Wikipedia: Siloam tunnel,eyes+sight,0,0
Wikipedia: Bethsaida,blind,1,1
Wikipedia: Bethsaida,blindness,0,0
Wikipedia: Bethsaida,born blind,0,0
Wikipedia: Bethsaida,Siloam,0,0
Wikipedia: Bethsaida,Shiloah,0,0
Wikipedia: Bethsaida,Bethsaida,79,34
Wikipedia: Bethsaida,Bethesda,2,1
Wikipedia: Bethsaida,Bartimaeus,0,0
Wikipedia: Bethsaida,Jericho,0,0
Wikipedia: Bethsaida,beggar,0,0
Wikipedia: Bethsaida,begging,0,0
Wikipedia: Bethsaida,alms,0,0
Wikipedia: Bethsaida,mikveh,0,0
Wikipedia: Bethsaida,Gihon,0,0
Wikipedia: Bethsaida,Hezekiah's tunnel,0,0
Wikipedia: Bethsaida,eyes+sight,0,0
Wikipedia: Jericho,blind,4,3
Wikipedia: Jericho,blindness,0,0
Wikipedia: Jericho,born blind,0,0
Wikipedia: Jericho,Siloam,0,0
Wikipedia: Jericho,Shiloah,0,0
Wikipedia: Jericho,Bethsaida,0,0
Wikipedia: Jericho,Bethesda,0,0
Wikipedia: Jericho,Bartimaeus,0,0
Wikipedia: Jericho,Jericho,272,102
Wikipedia: Jericho,beggar,1,1
Wikipedia: Jericho,begging,0,0
Wikipedia: Jericho,alms,0,0
Wikipedia: Jericho,mikveh,0,0
Wikipedia: Jericho,Gihon,0,0
Wikipedia: Jericho,Hezekiah's tunnel,0,0
Wikipedia: Jericho,eyes+sight,0,0
Wikipedia: Second Temple,blind,0,0
Wikipedia: Second Temple,blindness,0,0
Wikipedia: Second Temple,born blind,0,0
Wikipedia: Second Temple,Siloam,1,1
Wikipedia: Second Temple,Shiloah,1,1
Wikipedia: Second Temple,Bethsaida,0,0
Wikipedia: Second Temple,Bethesda,0,0
Wikipedia: Second Temple,Bartimaeus,0,0
Wikipedia: Second Temple,Jericho,0,0
Wikipedia: Second Temple,beggar,0,0
Wikipedia: Second Temple,begging,0,0
Wikipedia: Second Temple,alms,0,0
Wikipedia: Second Temple,mikveh,2,2
Wikipedia: Second Temple,Gihon,0,0
Wikipedia: Second Temple,Hezekiah's tunnel,0,0
Wikipedia: Second Temple,eyes+sight,0,0
Wikipedia: Pool of Bethesda,blind,0,0
Wikipedia: Pool of Bethesda,blindness,0,0
Wikipedia: Pool of Bethesda,born blind,0,0
Wikipedia: Pool of Bethesda,Siloam,2,2
Wikipedia: Pool of Bethesda,Shiloah,0,0
Wikipedia: Pool of Bethesda,Bethsaida,5,3
Wikipedia: Pool of Bethesda,Bethesda,30,15
Wikipedia: Pool of Bethesda,Bartimaeus,0,0
Wikipedia: Pool of Bethesda,Jericho,0,0
Wikipedia: Pool of Bethesda,beggar,0,0
Wikipedia: Pool of Bethesda,begging,0,0
Wikipedia: Pool of Bethesda,alms,0,0
Wikipedia: Pool of Bethesda,mikveh,1,1
Wikipedia: Pool of Bethesda,Gihon,0,0
Wikipedia: Pool of Bethesda,Hezekiah's tunnel,0,0
Wikipedia: Pool of Bethesda,eyes+sight,0,0
Wikipedia: Healing the blind near Jericho (Bartimaeus),blind,15,8
Wikipedia: Healing the blind near Jericho (Bartimaeus),blindness,1,1
Wikipedia: Healing the blind near Jericho (Bartimaeus),born blind,0,0
Wikipedia: Healing the blind near Jericho (Bartimaeus),Siloam,0,0
Wikipedia: Healing the blind near Jericho (Bartimaeus),Shiloah,0,0
Wikipedia: Healing the blind near Jericho (Bartimaeus),Bethsaida,1,1
Wikipedia: Healing the blind near Jericho (Bartimaeus),Bethesda,0,0
Wikipedia: Healing the blind near Jericho (Bartimaeus),Bartimaeus,20,7
Wikipedia: Healing the blind near Jericho (Bartimaeus),Jericho,6,6
Wikipedia: Healing the blind near Jericho (Bartimaeus),beggar,2,2
Wikipedia: Healing the blind near Jericho (Bartimaeus),begging,0,0
Wikipedia: Healing the blind near Jericho (Bartimaeus),alms,0,0
Wikipedia: Healing the blind near Jericho (Bartimaeus),mikveh,0,0
Wikipedia: Healing the blind near Jericho (Bartimaeus),Gihon,0,0
Wikipedia: Healing the blind near Jericho (Bartimaeus),Hezekiah's tunnel,0,0
Wikipedia: Healing the blind near Jericho (Bartimaeus),eyes+sight,0,0
Wikipedia: Healing the man blind from birth,blind,19,10
Wikipedia: Healing the man blind from birth,blindness,2,1
Wikipedia: Healing the man blind from birth,born blind,7,4
Wikipedia: Healing the man blind from birth,Siloam,3,2
Wikipedia: Healing the man blind from birth,Shiloah,0,0
Wikipedia: Healing the man blind from birth,Bethsaida,0,0
Wikipedia: Healing the man blind from birth,Bethesda,0,0
Wikipedia: Healing the man blind from birth,Bartimaeus,0,0
Wikipedia: Healing the man blind from birth,Jericho,0,0
Wikipedia: Healing the man blind from birth,beggar,2,2
Wikipedia: Healing the man blind from birth,begging,0,0
Wikipedia: Healing the man blind from birth,alms,0,0
Wikipedia: Healing the man blind from birth,mikveh,0,0
Wikipedia: Healing the man blind from birth,Gihon,0,0
Wikipedia: Healing the man blind from birth,Hezekiah's tunnel,0,0
Wikipedia: Healing the man blind from birth,eyes+sight,3,3
Wikipedia: Cultural depictions of blindness,blind,92,21
Wikipedia: Cultural depictions of blindness,blindness,32,13
Wikipedia: Cultural depictions of blindness,born blind,0,0
Wikipedia: Cultural depictions of blindness,Siloam,1,1
Wikipedia: Cultural depictions of blindness,Shiloah,0,0
Wikipedia: Cultural depictions of blindness,Bethsaida,1,1
Wikipedia: Cultural depictions of blindness,Bethesda,0,0
Wikipedia: Cultural depictions of blindness,Bartimaeus,0,0
Wikipedia: Cultural depictions of blindness,Jericho,1,1
Wikipedia: Cultural depictions of blindness,beggar,2,1
Wikipedia: Cultural depictions of blindness,begging,0,0
Wikipedia: Cultural depictions of blindness,alms,0,0
Wikipedia: Cultural depictions of blindness,mikveh,0,0
Wikipedia: Cultural depictions of blindness,Gihon,0,0
Wikipedia: Cultural depictions of blindness,Hezekiah's tunnel,0,0
Wikipedia: Cultural depictions of blindness,eyes+sight,5,5
Wikipedia: Begging,blind,4,2
Wikipedia: Begging,blindness,0,0
Wikipedia: Begging,born blind,0,0
Wikipedia: Begging,Siloam,0,0
Wikipedia: Begging,Shiloah,0,0
Wikipedia: Begging,Bethsaida,0,0
Wikipedia: Begging,Bethesda,0,0
Wikipedia: Begging,Bartimaeus,0,0
Wikipedia: Begging,Jericho,0,0
Wikipedia: Begging,beggar,122,42
Wikipedia: Begging,begging,135,60
Wikipedia: Begging,alms,12,11
Wikipedia: Begging,mikveh,0,0
Wikipedia: Begging,Gihon,0,0
Wikipedia: Begging,Hezekiah's tunnel,0,0
Wikipedia: Begging,eyes+sight,0,0
Wikipedia: Mikveh,blind,0,0
Wikipedia: Mikveh,blindness,0,0
Wikipedia: Mikveh,born blind,0,0
Wikipedia: Mikveh,Siloam,0,0
Wikipedia: Mikveh,Shiloah,0,0
Wikipedia: Mikveh,Bethsaida,0,0
Wikipedia: Mikveh,Bethesda,0,0
Wikipedia: Mikveh,Bartimaeus,0,0
Wikipedia: Mikveh,Jericho,0,0
Wikipedia: Mikveh,beggar,0,0
Wikipedia: Mikveh,begging,0,0
Wikipedia: Mikveh,alms,0,0
Wikipedia: Mikveh,mikveh,163,43
Wikipedia: Mikveh,Gihon,0,0
Wikipedia: Mikveh,Hezekiah's tunnel,0,0
Wikipedia: Mikveh,eyes+sight,0,0
"Code of Hammurabi (Johns, 1903)",blind,0,0
"Code of Hammurabi (Johns, 1903)",blindness,0,0
"Code of Hammurabi (Johns, 1903)",born blind,0,0
"Code of Hammurabi (Johns, 1903)",Siloam,0,0
"Code of Hammurabi (Johns, 1903)",Shiloah,0,0
"Code of Hammurabi (Johns, 1903)",Bethsaida,0,0
"Code of Hammurabi (Johns, 1903)",Bethesda,0,0
"Code of Hammurabi (Johns, 1903)",Bartimaeus,0,0
"Code of Hammurabi (Johns, 1903)",Jericho,0,0
"Code of Hammurabi (Johns, 1903)",beggar,0,0
"Code of Hammurabi (Johns, 1903)",begging,0,0
"Code of Hammurabi (Johns, 1903)",alms,0,0
"Code of Hammurabi (Johns, 1903)",mikveh,0,0
"Code of Hammurabi (Johns, 1903)",Gihon,0,0
"Code of Hammurabi (Johns, 1903)",Hezekiah's tunnel,0,0
"Code of Hammurabi (Johns, 1903)",eyes+sight,0,0
Matthew Henry vol 2 (Joshua-Esther),blind,61,41
Matthew Henry vol 2 (Joshua-Esther),blindness,4,3
Matthew Henry vol 2 (Joshua-Esther),born blind,0,0
Matthew Henry vol 2 (Joshua-Esther),Siloam,1,1
Matthew Henry vol 2 (Joshua-Esther),Shiloah,120,88
Matthew Henry vol 2 (Joshua-Esther),Bethsaida,1,1
Matthew Henry vol 2 (Joshua-Esther),Bethesda,0,0
Matthew Henry vol 2 (Joshua-Esther),Bartimaeus,0,0
Matthew Henry vol 2 (Joshua-Esther),Jericho,138,101
Matthew Henry vol 2 (Joshua-Esther),beggar,15,14
Matthew Henry vol 2 (Joshua-Esther),begging,13,11
Matthew Henry vol 2 (Joshua-Esther),alms,20,19
Matthew Henry vol 2 (Joshua-Esther),mikveh,0,0
Matthew Henry vol 2 (Joshua-Esther),Gihon,6,5
Matthew Henry vol 2 (Joshua-Esther),Hezekiah's tunnel,0,0
Matthew Henry vol 2 (Joshua-Esther),eyes+sight,22,22
Matthew Henry vol 6 (Acts-Revelation),blind,100,76
Matthew Henry vol 6 (Acts-Revelation),blindness,17,16
Matthew Henry vol 6 (Acts-Revelation),born blind,0,0
Matthew Henry vol 6 (Acts-Revelation),Siloam,2,2
Matthew Henry vol 6 (Acts-Revelation),Shiloah,4,4
Matthew Henry vol 6 (Acts-Revelation),Bethsaida,1,1
Matthew Henry vol 6 (Acts-Revelation),Bethesda,1,1
Matthew Henry vol 6 (Acts-Revelation),Bartimaeus,0,0
Matthew Henry vol 6 (Acts-Revelation),Jericho,7,4
Matthew Henry vol 6 (Acts-Revelation),beggar,12,10
Matthew Henry vol 6 (Acts-Revelation),begging,13,11
Matthew Henry vol 6 (Acts-Revelation),alms,65,40
Matthew Henry vol 6 (Acts-Revelation),mikveh,0,0
Matthew Henry vol 6 (Acts-Revelation),Gihon,0,0
Matthew Henry vol 6 (Acts-Revelation),Hezekiah's tunnel,0,0
Matthew Henry vol 6 (Acts-Revelation),eyes+sight,35,35
Easton's Bible Dictionary,blind,17,13
Easton's Bible Dictionary,blindness,7,5
Easton's Bible Dictionary,born blind,0,0
Easton's Bible Dictionary,Siloam,27,22
Easton's Bible Dictionary,Shiloah,47,34
Easton's Bible Dictionary,Bethsaida,10,10
Easton's Bible Dictionary,Bethesda,3,2
Easton's Bible Dictionary,Bartimaeus,3,3
Easton's Bible Dictionary,Jericho,79,63
Easton's Bible Dictionary,beggar,10,6
Easton's Bible Dictionary,begging,3,2
Easton's Bible Dictionary,alms,4,4
Easton's Bible Dictionary,mikveh,1,1
Easton's Bible Dictionary,Gihon,12,8
Easton's Bible Dictionary,Hezekiah's tunnel,0,0
Easton's Bible Dictionary,eyes+sight,4,4
Wikipedia: Code of Hammurabi,blind,3,2
Wikipedia: Code of Hammurabi,blindness,0,0
Wikipedia: Code of Hammurabi,born blind,0,0
Wikipedia: Code of Hammurabi,Siloam,0,0
Wikipedia: Code of Hammurabi,Shiloah,0,0
Wikipedia: Code of Hammurabi,Bethsaida,0,0
Wikipedia: Code of Hammurabi,Bethesda,1,1
Wikipedia: Code of Hammurabi,Bartimaeus,0,0
Wikipedia: Code of Hammurabi,Jericho,0,0
Wikipedia: Code of Hammurabi,beggar,0,0
Wikipedia: Code of Hammurabi,begging,0,0
Wikipedia: Code of Hammurabi,alms,0,0
Wikipedia: Code of Hammurabi,mikveh,0,0
Wikipedia: Code of Hammurabi,Gihon,0,0
Wikipedia: Code of Hammurabi,Hezekiah's tunnel,0,0
Wikipedia: Code of Hammurabi,eyes+sight,1,1
Wikipedia: Tabernacle,blind,0,0
Wikipedia: Tabernacle,blindness,0,0
Wikipedia: Tabernacle,born blind,0,0
Wikipedia: Tabernacle,Siloam,0,0
Wikipedia: Tabernacle,Shiloah,4,2
Wikipedia: Tabernacle,Bethsaida,0,0
Wikipedia: Tabernacle,Bethesda,0,0
Wikipedia: Tabernacle,Bartimaeus,0,0
Wikipedia: Tabernacle,Jericho,0,0
Wikipedia: Tabernacle,beggar,0,0
Wikipedia: Tabernacle,begging,0,0
Wikipedia: Tabernacle,alms,0,0
Wikipedia: Tabernacle,mikveh,0,0
Wikipedia: Tabernacle,Gihon,0,0
Wikipedia: Tabernacle,Hezekiah's tunnel,0,0
Wikipedia: Tabernacle,eyes+sight,0,0
Wikipedia: Eye for an eye (lex talionis),blind,13,5
Wikipedia: Eye for an eye (lex talionis),blindness,0,0
Wikipedia: Eye for an eye (lex talionis),born blind,0,0
Wikipedia: Eye for an eye (lex talionis),Siloam,0,0
Wikipedia: Eye for an eye (lex talionis),Shiloah,0,0
Wikipedia: Eye for an eye (lex talionis),Bethsaida,0,0
Wikipedia: Eye for an eye (lex talionis),Bethesda,0,0
Wikipedia: Eye for an eye (lex talionis),Bartimaeus,0,0
Wikipedia: Eye for an eye (lex talionis),Jericho,0,0
Wikipedia: Eye for an eye (lex talionis),beggar,0,0
Wikipedia: Eye for an eye (lex talionis),begging,0,0
Wikipedia: Eye for an eye (lex talionis),alms,0,0
Wikipedia: Eye for an eye (lex talionis),mikveh,0,0
Wikipedia: Eye for an eye (lex talionis),Gihon,0,0
Wikipedia: Eye for an eye (lex talionis),Hezekiah's tunnel,0,0
Wikipedia: Eye for an eye (lex talionis),eyes+sight,2,2
Wikipedia: City gate,blind,0,0
Wikipedia: City gate,blindness,0,0
Wikipedia: City gate,born blind,0,0
Wikipedia: City gate,Siloam,0,0
Wikipedia: City gate,Shiloah,0,0
Wikipedia: City gate,Bethsaida,0,0
Wikipedia: City gate,Bethesda,0,0
Wikipedia: City gate,Bartimaeus,0,0
Wikipedia: City gate,Jericho,0,0
Wikipedia: City gate,beggar,0,0
Wikipedia: City gate,begging,0,0
Wikipedia: City gate,alms,0,0
Wikipedia: City gate,mikveh,0,0
Wikipedia: City gate,Gihon,0,0
Wikipedia: City gate,Hezekiah's tunnel,0,0
Wikipedia: City gate,eyes+sight,0,0
Wikipedia: Shiloh (biblical city),blind,0,0
Wikipedia: Shiloh (biblical city),blindness,0,0
Wikipedia: Shiloh (biblical city),born blind,0,0
Wikipedia: Shiloh (biblical city),Siloam,0,0
Wikipedia: Shiloh (biblical city),Shiloah,87,34
Wikipedia: Shiloh (biblical city),Bethsaida,0,0
Wikipedia: Shiloh (biblical city),Bethesda,0,0
Wikipedia: Shiloh (biblical city),Bartimaeus,0,0
Wikipedia: Shiloh (biblical city),Jericho,0,0
Wikipedia: Shiloh (biblical city),beggar,0,0
Wikipedia: Shiloh (biblical city),begging,0,0
Wikipedia: Shiloh (biblical city),alms,0,0
Wikipedia: Shiloh (biblical city),mikveh,0,0
Wikipedia: Shiloh (biblical city),Gihon,0,0
Wikipedia: Shiloh (biblical city),Hezekiah's tunnel,0,0
Wikipedia: Shiloh (biblical city),eyes+sight,0,0
Wikipedia: Jabesh-Gilead,blind,0,0
Wikipedia: Jabesh-Gilead,blindness,0,0
Wikipedia: Jabesh-Gilead,born blind,0,0
Wikipedia: Jabesh-Gilead,Siloam,0,0
Wikipedia: Jabesh-Gilead,Shiloah,0,0
Wikipedia: Jabesh-Gilead,Bethsaida,0,0
Wikipedia: Jabesh-Gilead,Bethesda,0,0
Wikipedia: Jabesh-Gilead,Bartimaeus,0,0
Wikipedia: Jabesh-Gilead,Jericho,0,0
Wikipedia: Jabesh-Gilead,beggar,0,0
Wikipedia: Jabesh-Gilead,begging,0,0
Wikipedia: Jabesh-Gilead,alms,0,0
Wikipedia: Jabesh-Gilead,mikveh,0,0
Wikipedia: Jabesh-Gilead,Gihon,0,0
Wikipedia: Jabesh-Gilead,Hezekiah's tunnel,0,0
Wikipedia: Jabesh-Gilead,eyes+sight,0,0
"Wilson, Biography of the Blind (1838) [OCR; no locators, use page headers]",blind,298,244
"Wilson, Biography of the Blind (1838) [OCR; no locators, use page headers]",blindness,26,25
"Wilson, Biography of the Blind (1838) [OCR; no locators, use page headers]",born blind,7,7
"Wilson, Biography of the Blind (1838) [OCR; no locators, use page headers]",Siloam,0,0
"Wilson, Biography of the Blind (1838) [OCR; no locators, use page headers]",Shiloah,0,0
"Wilson, Biography of the Blind (1838) [OCR; no locators, use page headers]",Bethsaida,0,0
"Wilson, Biography of the Blind (1838) [OCR; no locators, use page headers]",Bethesda,0,0
"Wilson, Biography of the Blind (1838) [OCR; no locators, use page headers]",Bartimaeus,0,0
"Wilson, Biography of the Blind (1838) [OCR; no locators, use page headers]",Jericho,0,0
"Wilson, Biography of the Blind (1838) [OCR; no locators, use page headers]",beggar,1,1
"Wilson, Biography of the Blind (1838) [OCR; no locators, use page headers]",begging,0,0
"Wilson, Biography of the Blind (1838) [OCR; no locators, use page headers]",alms,0,0
"Wilson, Biography of the Blind (1838) [OCR; no locators, use page headers]",mikveh,0,0
"Wilson, Biography of the Blind (1838) [OCR; no locators, use page headers]",Gihon,0,0
"Wilson, Biography of the Blind (1838) [OCR; no locators, use page headers]",Hezekiah's tunnel,0,0
"Wilson, Biography of the Blind (1838) [OCR; no locators, use page headers]",eyes+sight,23,23
"Levy, Blindness and the Blind (1872) [OCR; no locators, use page headers]",blind,1674,1150
"Levy, Blindness and the Blind (1872) [OCR; no locators, use page headers]",blindness,374,363
"Levy, Blindness and the Blind (1872) [OCR; no locators, use page headers]",born blind,7,7
"Levy, Blindness and the Blind (1872) [OCR; no locators, use page headers]",Siloam,0,0
"Levy, Blindness and the Blind (1872) [OCR; no locators, use page headers]",Shiloah,0,0
"Levy, Blindness and the Blind (1872) [OCR; no locators, use page headers]",Bethsaida,0,0
"Levy, Blindness and the Blind (1872) [OCR; no locators, use page headers]",Bethesda,0,0
"Levy, Blindness and the Blind (1872) [OCR; no locators, use page headers]",Bartimaeus,0,0
"Levy, Blindness and the Blind (1872) [OCR; no locators, use page headers]",Jericho,0,0
"Levy, Blindness and the Blind (1872) [OCR; no locators, use page headers]",beggar,13,11
"Levy, Blindness and the Blind (1872) [OCR; no locators, use page headers]",begging,19,18
"Levy, Blindness and the Blind (1872) [OCR; no locators, use page headers]",alms,12,12
"Levy, Blindness and the Blind (1872) [OCR; no locators, use page headers]",mikveh,0,0
"Levy, Blindness and the Blind (1872) [OCR; no locators, use page headers]",Gihon,0,0
"Levy, Blindness and the Blind (1872) [OCR; no locators, use page headers]",Hezekiah's tunnel,0,0
"Levy, Blindness and the Blind (1872) [OCR; no locators, use page headers]",eyes+sight,51,51
Wikipedia: White cane,blind,35,16
Wikipedia: White cane,blindness,3,3
Wikipedia: White cane,born blind,0,0
Wikipedia: White cane,Siloam,0,0
Wikipedia: White cane,Shiloah,0,0
Wikipedia: White cane,Bethsaida,0,0
Wikipedia: White cane,Bethesda,0,0
Wikipedia: White cane,Bartimaeus,0,0
Wikipedia: White cane,Jericho,0,0
Wikipedia: White cane,beggar,0,0
Wikipedia: White cane,begging,0,0
Wikipedia: White cane,alms,0,0
Wikipedia: White cane,mikveh,0,0
Wikipedia: White cane,Gihon,0,0
Wikipedia: White cane,Hezekiah's tunnel,0,0
Wikipedia: White cane,eyes+sight,0,0
Wikipedia: Walking stick,blind,0,0
Wikipedia: Walking stick,blindness,0,0
Wikipedia: Walking stick,born blind,0,0
Wikipedia: Walking stick,Siloam,0,0
Wikipedia: Walking stick,Shiloah,0,0
Wikipedia: Walking stick,Bethsaida,0,0
Wikipedia: Walking stick,Bethesda,0,0
Wikipedia: Walking stick,Bartimaeus,0,0
Wikipedia: Walking stick,Jericho,0,0
Wikipedia: Walking stick,beggar,0,0
Wikipedia: Walking stick,begging,0,0
Wikipedia: Walking stick,alms,0,0
Wikipedia: Walking stick,mikveh,0,0
Wikipedia: Walking stick,Gihon,0,0
Wikipedia: Walking stick,Hezekiah's tunnel,0,0
Wikipedia: Walking stick,eyes+sight,0,0
Wikipedia: Staff of office,blind,0,0
Wikipedia: Staff of office,blindness,0,0
Wikipedia: Staff of office,born blind,0,0
Wikipedia: Staff of office,Siloam,0,0
Wikipedia: Staff of office,Shiloah,0,0
Wikipedia: Staff of office,Bethsaida,0,0
Wikipedia: Staff of office,Bethesda,0,0
Wikipedia: Staff of office,Bartimaeus,0,0
Wikipedia: Staff of office,Jericho,0,0
Wikipedia: Staff of office,beggar,0,0
Wikipedia: Staff of office,begging,0,0
Wikipedia: Staff of office,alms,0,0
Wikipedia: Staff of office,mikveh,0,0
Wikipedia: Staff of office,Gihon,0,0
Wikipedia: Staff of office,Hezekiah's tunnel,0,0
Wikipedia: Staff of office,eyes+sight,0,0
Wikipedia: Tyropoeon Valley,blind,0,0
Wikipedia: Tyropoeon Valley,blindness,0,0
Wikipedia: Tyropoeon Valley,born blind,0,0
Wikipedia: Tyropoeon Valley,Siloam,0,0
Wikipedia: Tyropoeon Valley,Shiloah,0,0
Wikipedia: Tyropoeon Valley,Bethsaida,0,0
Wikipedia: Tyropoeon Valley,Bethesda,0,0
Wikipedia: Tyropoeon Valley,Bartimaeus,0,0
Wikipedia: Tyropoeon Valley,Jericho,0,0
Wikipedia: Tyropoeon Valley,beggar,0,0
Wikipedia: Tyropoeon Valley,begging,0,0
Wikipedia: Tyropoeon Valley,alms,0,0
Wikipedia: Tyropoeon Valley,mikveh,0,0
Wikipedia: Tyropoeon Valley,Gihon,0,0
Wikipedia: Tyropoeon Valley,Hezekiah's tunnel,0,0
Wikipedia: Tyropoeon Valley,eyes+sight,0,0
Wikipedia: Kohen,blind,0,0
Wikipedia: Kohen,blindness,0,0
Wikipedia: Kohen,born blind,0,0
Wikipedia: Kohen,Siloam,0,0
Wikipedia: Kohen,Shiloah,0,0
Wikipedia: Kohen,Bethsaida,0,0
Wikipedia: Kohen,Bethesda,0,0
Wikipedia: Kohen,Bartimaeus,0,0
Wikipedia: Kohen,Jericho,0,0
Wikipedia: Kohen,beggar,0,0
Wikipedia: Kohen,begging,0,0
Wikipedia: Kohen,alms,0,0
Wikipedia: Kohen,mikveh,1,1
Wikipedia: Kohen,Gihon,0,0
Wikipedia: Kohen,Hezekiah's tunnel,0,0
Wikipedia: Kohen,eyes+sight,0,0
Wikipedia: Hebrew Bible judges,blind,0,0
Wikipedia: Hebrew Bible judges,blindness,0,0
Wikipedia: Hebrew Bible judges,born blind,0,0
Wikipedia: Hebrew Bible judges,Siloam,0,0
Wikipedia: Hebrew Bible judges,Shiloah,0,0
Wikipedia: Hebrew Bible judges,Bethsaida,0,0
Wikipedia: Hebrew Bible judges,Bethesda,0,0
Wikipedia: Hebrew Bible judges,Bartimaeus,0,0
Wikipedia: Hebrew Bible judges,Jericho,0,0
Wikipedia: Hebrew Bible judges,beggar,0,0
Wikipedia: Hebrew Bible judges,begging,0,0
Wikipedia: Hebrew Bible judges,alms,0,0
Wikipedia: Hebrew Bible judges,mikveh,0,0
Wikipedia: Hebrew Bible judges,Gihon,0,0
Wikipedia: Hebrew Bible judges,Hezekiah's tunnel,0,0
Wikipedia: Hebrew Bible judges,eyes+sight,0,0
Wikipedia: Prophets in Judaism,blind,0,0
Wikipedia: Prophets in Judaism,blindness,0,0
Wikipedia: Prophets in Judaism,born blind,0,0
Wikipedia: Prophets in Judaism,Siloam,0,0
Wikipedia: Prophets in Judaism,Shiloah,0,0
Wikipedia: Prophets in Judaism,Bethsaida,0,0
Wikipedia: Prophets in Judaism,Bethesda,0,0
Wikipedia: Prophets in Judaism,Bartimaeus,0,0
Wikipedia: Prophets in Judaism,Jericho,0,0
Wikipedia: Prophets in Judaism,beggar,0,0
Wikipedia: Prophets in Judaism,begging,0,0
Wikipedia: Prophets in Judaism,alms,0,0
Wikipedia: Prophets in Judaism,mikveh,0,0
Wikipedia: Prophets in Judaism,Gihon,0,0
Wikipedia: Prophets in Judaism,Hezekiah's tunnel,0,0
Wikipedia: Prophets in Judaism,eyes+sight,0,0
Wikipedia: Visual impairment,blind,157,55
Wikipedia: Visual impairment,blindness,110,50
Wikipedia: Visual impairment,born blind,2,2
Wikipedia: Visual impairment,Siloam,0,0
Wikipedia: Visual impairment,Shiloah,0,0
Wikipedia: Visual impairment,Bethsaida,2,1
Wikipedia: Visual impairment,Bethesda,0,0
Wikipedia: Visual impairment,Bartimaeus,0,0
Wikipedia: Visual impairment,Jericho,2,1
Wikipedia: Visual impairment,beggar,0,0
Wikipedia: Visual impairment,begging,0,0
Wikipedia: Visual impairment,alms,0,0
Wikipedia: Visual impairment,mikveh,0,0
Wikipedia: Visual impairment,Gihon,0,0
Wikipedia: Visual impairment,Hezekiah's tunnel,0,0
Wikipedia: Visual impairment,eyes+sight,18,18
Wikipedia: Didymus the Blind,blind,29,13
Wikipedia: Didymus the Blind,blindness,3,3
Wikipedia: Didymus the Blind,born blind,0,0
Wikipedia: Didymus the Blind,Siloam,0,0
Wikipedia: Didymus the Blind,Shiloah,0,0
Wikipedia: Didymus the Blind,Bethsaida,0,0
Wikipedia: Didymus the Blind,Bethesda,0,0
Wikipedia: Didymus the Blind,Bartimaeus,0,0
Wikipedia: Didymus the Blind,Jericho,0,0
Wikipedia: Didymus the Blind,beggar,0,0
Wikipedia: Didymus the Blind,begging,0,0
Wikipedia: Didymus the Blind,alms,0,0
Wikipedia: Didymus the Blind,mikveh,0,0
Wikipedia: Didymus the Blind,Gihon,0,0
Wikipedia: Didymus the Blind,Hezekiah's tunnel,0,0
Wikipedia: Didymus the Blind,eyes+sight,0,0
Wikipedia: Blind musicians,blind,103,34
Wikipedia: Blind musicians,blindness,1,1
Wikipedia: Blind musicians,born blind,1,1
Wikipedia: Blind musicians,Siloam,0,0
Wikipedia: Blind musicians,Shiloah,0,0
Wikipedia: Blind musicians,Bethsaida,0,0
Wikipedia: Blind musicians,Bethesda,0,0
Wikipedia: Blind musicians,Bartimaeus,0,0
Wikipedia: Blind musicians,Jericho,0,0
Wikipedia: Blind musicians,beggar,2,2
Wikipedia: Blind musicians,begging,1,1
Wikipedia: Blind musicians,alms,1,1
Wikipedia: Blind musicians,mikveh,0,0
Wikipedia: Blind musicians,Gihon,0,0
Wikipedia: Blind musicians,Hezekiah's tunnel,0,0
Wikipedia: Blind musicians,eyes+sight,1,1
Wikipedia: Eli (biblical figure),blind,2,2
Wikipedia: Eli (biblical figure),blindness,0,0
Wikipedia: Eli (biblical figure),born blind,0,0
Wikipedia: Eli (biblical figure),Siloam,0,0
Wikipedia: Eli (biblical figure),Shiloah,15,10
Wikipedia: Eli (biblical figure),Bethsaida,0,0
Wikipedia: Eli (biblical figure),Bethesda,0,0
Wikipedia: Eli (biblical figure),Bartimaeus,0,0
Wikipedia: Eli (biblical figure),Jericho,0,0
Wikipedia: Eli (biblical figure),beggar,0,0
Wikipedia: Eli (biblical figure),begging,0,0
Wikipedia: Eli (biblical figure),alms,0,0
Wikipedia: Eli (biblical figure),mikveh,0,0
Wikipedia: Eli (biblical figure),Gihon,0,0
Wikipedia: Eli (biblical figure),Hezekiah's tunnel,0,0
Wikipedia: Eli (biblical figure),eyes+sight,0,0
Wikipedia: Ahijah the Shilonite,blind,1,1
Wikipedia: Ahijah the Shilonite,blindness,2,1
Wikipedia: Ahijah the Shilonite,born blind,0,0
Wikipedia: Ahijah the Shilonite,Siloam,0,0
Wikipedia: Ahijah the Shilonite,Shiloah,6,3
Wikipedia: Ahijah the Shilonite,Bethsaida,0,0
Wikipedia: Ahijah the Shilonite,Bethesda,0,0
Wikipedia: Ahijah the Shilonite,Bartimaeus,0,0
Wikipedia: Ahijah the Shilonite,Jericho,0,0
Wikipedia: Ahijah the Shilonite,beggar,0,0
Wikipedia: Ahijah the Shilonite,begging,0,0
Wikipedia: Ahijah the Shilonite,alms,0,0
Wikipedia: Ahijah the Shilonite,mikveh,0,0
Wikipedia: Ahijah the Shilonite,Gihon,0,0
Wikipedia: Ahijah the Shilonite,Hezekiah's tunnel,0,0
Wikipedia: Ahijah the Shilonite,eyes+sight,1,1
Wikipedia: Trachoma,blind,18,11
Wikipedia: Trachoma,blindness,18,13
Wikipedia: Trachoma,born blind,0,0
Wikipedia: Trachoma,Siloam,0,0
Wikipedia: Trachoma,Shiloah,0,0
Wikipedia: Trachoma,Bethsaida,0,0
Wikipedia: Trachoma,Bethesda,0,0
Wikipedia: Trachoma,Bartimaeus,0,0
Wikipedia: Trachoma,Jericho,0,0
Wikipedia: Trachoma,beggar,0,0
Wikipedia: Trachoma,begging,0,0
Wikipedia: Trachoma,alms,0,0
Wikipedia: Trachoma,mikveh,0,0
Wikipedia: Trachoma,Gihon,0,0
Wikipedia: Trachoma,Hezekiah's tunnel,0,0
Wikipedia: Trachoma,eyes+sight,5,5
Wikipedia: Tent,blind,0,0
Wikipedia: Tent,blindness,0,0
Wikipedia: Tent,born blind,0,0
Wikipedia: Tent,Siloam,0,0
Wikipedia: Tent,Shiloah,0,0
Wikipedia: Tent,Bethsaida,0,0
Wikipedia: Tent,Bethesda,0,0
Wikipedia: Tent,Bartimaeus,0,0
Wikipedia: Tent,Jericho,0,0
Wikipedia: Tent,beggar,0,0
Wikipedia: Tent,begging,0,0
Wikipedia: Tent,alms,0,0
Wikipedia: Tent,mikveh,0,0
Wikipedia: Tent,Gihon,0,0
Wikipedia: Tent,Hezekiah's tunnel,0,0
Wikipedia: Tent,eyes+sight,0,0
Wikipedia: Bedouin,blind,0,0
Wikipedia: Bedouin,blindness,0,0
Wikipedia: Bedouin,born blind,0,0
Wikipedia: Bedouin,Siloam,0,0
Wikipedia: Bedouin,Shiloah,0,0
Wikipedia: Bedouin,Bethsaida,0,0
Wikipedia: Bedouin,Bethesda,0,0
Wikipedia: Bedouin,Bartimaeus,0,0
Wikipedia: Bedouin,Jericho,0,0
Wikipedia: Bedouin,beggar,0,0
Wikipedia: Bedouin,begging,0,0
Wikipedia: Bedouin,alms,0,0
Wikipedia: Bedouin,mikveh,0,0
Wikipedia: Bedouin,Gihon,0,0
Wikipedia: Bedouin,Hezekiah's tunnel,0,0
Wikipedia: Bedouin,eyes+sight,0,0
Wikipedia: Nomadic pastoralism,blind,0,0
Wikipedia: Nomadic pastoralism,blindness,0,0
Wikipedia: Nomadic pastoralism,born blind,0,0
Wikipedia: Nomadic pastoralism,Siloam,0,0
Wikipedia: Nomadic pastoralism,Shiloah,0,0
Wikipedia: Nomadic pastoralism,Bethsaida,0,0
Wikipedia: Nomadic pastoralism,Bethesda,0,0
Wikipedia: Nomadic pastoralism,Bartimaeus,0,0
Wikipedia: Nomadic pastoralism,Jericho,0,0
Wikipedia: Nomadic pastoralism,beggar,0,0
Wikipedia: Nomadic pastoralism,begging,0,0
Wikipedia: Nomadic pastoralism,alms,0,0
Wikipedia: Nomadic pastoralism,mikveh,0,0
Wikipedia: Nomadic pastoralism,Gihon,0,0
Wikipedia: Nomadic pastoralism,Hezekiah's tunnel,0,0
Wikipedia: Nomadic pastoralism,eyes+sight,0,0
Wikipedia: Guide dog,blind,36,14
Wikipedia: Guide dog,blindness,1,1
Wikipedia: Guide dog,born blind,0,0
Wikipedia: Guide dog,Siloam,0,0
Wikipedia: Guide dog,Shiloah,0,0
Wikipedia: Guide dog,Bethsaida,0,0
Wikipedia: Guide dog,Bethesda,0,0
Wikipedia: Guide dog,Bartimaeus,0,0
Wikipedia: Guide dog,Jericho,0,0
Wikipedia: Guide dog,beggar,0,0
Wikipedia: Guide dog,begging,0,0
Wikipedia: Guide dog,alms,0,0
Wikipedia: Guide dog,mikveh,0,0
Wikipedia: Guide dog,Gihon,0,0
Wikipedia: Guide dog,Hezekiah's tunnel,0,0
Wikipedia: Guide dog,eyes+sight,2,2
Wikipedia: Tiresias,blind,10,6
Wikipedia: Tiresias,blindness,5,2
Wikipedia: Tiresias,born blind,0,0
Wikipedia: Tiresias,Siloam,0,0
Wikipedia: Tiresias,Shiloah,0,0
Wikipedia: Tiresias,Bethsaida,0,0
Wikipedia: Tiresias,Bethesda,0,0
Wikipedia: Tiresias,Bartimaeus,0,0
Wikipedia: Tiresias,Jericho,0,0
Wikipedia: Tiresias,beggar,0,0
Wikipedia: Tiresias,begging,1,1
Wikipedia: Tiresias,alms,0,0
Wikipedia: Tiresias,mikveh,0,0
Wikipedia: Tiresias,Gihon,0,0
Wikipedia: Tiresias,Hezekiah's tunnel,0,0
Wikipedia: Tiresias,eyes+sight,1,1
Wikipedia: Homer,blind,10,4
Wikipedia: Homer,blindness,0,0
Wikipedia: Homer,born blind,0,0
Wikipedia: Homer,Siloam,0,0
Wikipedia: Homer,Shiloah,0,0
Wikipedia: Homer,Bethsaida,0,0
Wikipedia: Homer,Bethesda,0,0
Wikipedia: Homer,Bartimaeus,0,0
Wikipedia: Homer,Jericho,0,0
Wikipedia: Homer,beggar,0,0
Wikipedia: Homer,begging,0,0
Wikipedia: Homer,alms,0,0
Wikipedia: Homer,mikveh,0,0
Wikipedia: Homer,Gihon,0,0
Wikipedia: Homer,Hezekiah's tunnel,0,0
Wikipedia: Homer,eyes+sight,0,0
Wikipedia: Jerusalem,blind,0,0
Wikipedia: Jerusalem,blindness,0,0
Wikipedia: Jerusalem,born blind,0,0
Wikipedia: Jerusalem,Siloam,1,1
Wikipedia: Jerusalem,Shiloah,3,1
Wikipedia: Jerusalem,Bethsaida,0,0
Wikipedia: Jerusalem,Bethesda,0,0
Wikipedia: Jerusalem,Bartimaeus,0,0
Wikipedia: Jerusalem,Jericho,2,2
Wikipedia: Jerusalem,beggar,0,0
Wikipedia: Jerusalem,begging,0,0
Wikipedia: Jerusalem,alms,0,0
Wikipedia: Jerusalem,mikveh,0,0
Wikipedia: Jerusalem,Gihon,3,3
Wikipedia: Jerusalem,Hezekiah's tunnel,0,0
Wikipedia: Jerusalem,eyes+sight,0,0
Wikipedia: Louis Braille,blind,48,18
Wikipedia: Louis Braille,blindness,3,2
Wikipedia: Louis Braille,born blind,0,0
Wikipedia: Louis Braille,Siloam,0,0
Wikipedia: Louis Braille,Shiloah,0,0
Wikipedia: Louis Braille,Bethsaida,0,0
Wikipedia: Louis Braille,Bethesda,0,0
Wikipedia: Louis Braille,Bartimaeus,0,0
Wikipedia: Louis Braille,Jericho,0,0
Wikipedia: Louis Braille,beggar,0,0
Wikipedia: Louis Braille,begging,0,0
Wikipedia: Louis Braille,alms,0,0
Wikipedia: Louis Braille,mikveh,0,0
Wikipedia: Louis Braille,Gihon,0,0
Wikipedia: Louis Braille,Hezekiah's tunnel,0,0
Wikipedia: Louis Braille,eyes+sight,2,2
Wikipedia: Valentin Haüy,blind,16,8
Wikipedia: Valentin Haüy,blindness,0,0
Wikipedia: Valentin Haüy,born blind,0,0
Wikipedia: Valentin Haüy,Siloam,0,0
Wikipedia: Valentin Haüy,Shiloah,0,0
Wikipedia: Valentin Haüy,Bethsaida,0,0
Wikipedia: Valentin Haüy,Bethesda,0,0
Wikipedia: Valentin Haüy,Bartimaeus,0,0
Wikipedia: Valentin Haüy,Jericho,0,0
Wikipedia: Valentin Haüy,beggar,1,1
Wikipedia: Valentin Haüy,begging,0,0
Wikipedia: Valentin Haüy,alms,0,0
Wikipedia: Valentin Haüy,mikveh,0,0
Wikipedia: Valentin Haüy,Gihon,0,0
Wikipedia: Valentin Haüy,Hezekiah's tunnel,0,0
Wikipedia: Valentin Haüy,eyes+sight,0,0
Wikipedia: Temple Mount,blind,0,0
Wikipedia: Temple Mount,blindness,0,0
Wikipedia: Temple Mount,born blind,0,0
Wikipedia: Temple Mount,Siloam,1,1
Wikipedia: Temple Mount,Shiloah,0,0
Wikipedia: Temple Mount,Bethsaida,0,0
Wikipedia: Temple Mount,Bethesda,0,0
Wikipedia: Temple Mount,Bartimaeus,0,0
Wikipedia: Temple Mount,Jericho,2,1
Wikipedia: Temple Mount,beggar,0,0
Wikipedia: Temple Mount,begging,0,0
Wikipedia: Temple Mount,alms,0,0
Wikipedia: Temple Mount,mikveh,2,2
Wikipedia: Temple Mount,Gihon,0,0
Wikipedia: Temple Mount,Hezekiah's tunnel,0,0
Wikipedia: Temple Mount,eyes+sight,0,0
Wikipedia: Western Wall,blind,0,0
Wikipedia: Western Wall,blindness,0,0
Wikipedia: Western Wall,born blind,0,0
Wikipedia: Western Wall,Siloam,0,0
Wikipedia: Western Wall,Shiloah,0,0
Wikipedia: Western Wall,Bethsaida,0,0
Wikipedia: Western Wall,Bethesda,0,0
Wikipedia: Western Wall,Bartimaeus,0,0
Wikipedia: Western Wall,Jericho,0,0
Wikipedia: Western Wall,beggar,0,0
Wikipedia: Western Wall,begging,0,0
Wikipedia: Western Wall,alms,1,1
Wikipedia: Western Wall,mikveh,1,1
Wikipedia: Western Wall,Gihon,0,0
Wikipedia: Western Wall,Hezekiah's tunnel,0,0
Wikipedia: Western Wall,eyes+sight,0,0
Wikipedia: Siege of Jerusalem (70 CE),blind,0,0
Wikipedia: Siege of Jerusalem (70 CE),blindness,0,0
Wikipedia: Siege of Jerusalem (70 CE),born blind,0,0
Wikipedia: Siege of Jerusalem (70 CE),Siloam,4,4
Wikipedia: Siege of Jerusalem (70 CE),Shiloah,0,0
Wikipedia: Siege of Jerusalem (70 CE),Bethsaida,0,0
Wikipedia: Siege of Jerusalem (70 CE),Bethesda,0,0
Wikipedia: Siege of Jerusalem (70 CE),Bartimaeus,0,0
Wikipedia: Siege of Jerusalem (70 CE),Jericho,1,1
Wikipedia: Siege of Jerusalem (70 CE),beggar,0,0
Wikipedia: Siege of Jerusalem (70 CE),begging,0,0
Wikipedia: Siege of Jerusalem (70 CE),alms,0,0
Wikipedia: Siege of Jerusalem (70 CE),mikveh,0,0
Wikipedia: Siege of Jerusalem (70 CE),Gihon,1,1
Wikipedia: Siege of Jerusalem (70 CE),Hezekiah's tunnel,0,0
Wikipedia: Siege of Jerusalem (70 CE),eyes+sight,0,0
Wikipedia: Robinson's Arch,blind,0,0
Wikipedia: Robinson's Arch,blindness,0,0
Wikipedia: Robinson's Arch,born blind,0,0
Wikipedia: Robinson's Arch,Siloam,0,0
Wikipedia: Robinson's Arch,Shiloah,0,0
Wikipedia: Robinson's Arch,Bethsaida,0,0
Wikipedia: Robinson's Arch,Bethesda,0,0
Wikipedia: Robinson's Arch,Bartimaeus,0,0
Wikipedia: Robinson's Arch,Jericho,0,0
Wikipedia: Robinson's Arch,beggar,0,0
Wikipedia: Robinson's Arch,begging,0,0
Wikipedia: Robinson's Arch,alms,0,0
Wikipedia: Robinson's Arch,mikveh,0,0
Wikipedia: Robinson's Arch,Gihon,0,0
Wikipedia: Robinson's Arch,Hezekiah's tunnel,0,0
Wikipedia: Robinson's Arch,eyes+sight,0,0
Wikipedia: Stepped street (Jerusalem),blind,0,0
Wikipedia: Stepped street (Jerusalem),blindness,0,0
Wikipedia: Stepped street (Jerusalem),born blind,0,0
Wikipedia: Stepped street (Jerusalem),Siloam,7,5
Wikipedia: Stepped street (Jerusalem),Shiloah,0,0
Wikipedia: Stepped street (Jerusalem),Bethsaida,0,0
Wikipedia: Stepped street (Jerusalem),Bethesda,0,0
Wikipedia: Stepped street (Jerusalem),Bartimaeus,0,0
Wikipedia: Stepped street (Jerusalem),Jericho,0,0
Wikipedia: Stepped street (Jerusalem),beggar,0,0
Wikipedia: Stepped street (Jerusalem),begging,0,0
Wikipedia: Stepped street (Jerusalem),alms,0,0
Wikipedia: Stepped street (Jerusalem),mikveh,1,1
Wikipedia: Stepped street (Jerusalem),Gihon,0,0
Wikipedia: Stepped street (Jerusalem),Hezekiah's tunnel,0,0
Wikipedia: Stepped street (Jerusalem),eyes+sight,0,0
Wikipedia: Huldah Gates,blind,0,0
Wikipedia: Huldah Gates,blindness,0,0
Wikipedia: Huldah Gates,born blind,0,0
Wikipedia: Huldah Gates,Siloam,0,0
Wikipedia: Huldah Gates,Shiloah,0,0
Wikipedia: Huldah Gates,Bethsaida,0,0
Wikipedia: Huldah Gates,Bethesda,0,0
Wikipedia: Huldah Gates,Bartimaeus,0,0
Wikipedia: Huldah Gates,Jericho,0,0
Wikipedia: Huldah Gates,beggar,0,0
Wikipedia: Huldah Gates,begging,0,0
Wikipedia: Huldah Gates,alms,0,0
Wikipedia: Huldah Gates,mikveh,0,0
Wikipedia: Huldah Gates,Gihon,0,0
Wikipedia: Huldah Gates,Hezekiah's tunnel,0,0
Wikipedia: Huldah Gates,eyes+sight,0,0
Wikipedia: Book of Tobit,blind,4,3
Wikipedia: Book of Tobit,blindness,5,3
Wikipedia: Book of Tobit,born blind,0,0
Wikipedia: Book of Tobit,Siloam,0,0
Wikipedia: Book of Tobit,Shiloah,0,0
Wikipedia: Book of Tobit,Bethsaida,0,0
Wikipedia: Book of Tobit,Bethesda,0,0
Wikipedia: Book of Tobit,Bartimaeus,0,0
Wikipedia: Book of Tobit,Jericho,0,0
Wikipedia: Book of Tobit,beggar,0,0
Wikipedia: Book of Tobit,begging,0,0
Wikipedia: Book of Tobit,alms,2,2
Wikipedia: Book of Tobit,mikveh,0,0
Wikipedia: Book of Tobit,Gihon,0,0
Wikipedia: Book of Tobit,Hezekiah's tunnel,0,0
Wikipedia: Book of Tobit,eyes+sight,1,1
Wikipedia: Antonia Fortress,blind,0,0
Wikipedia: Antonia Fortress,blindness,0,0
Wikipedia: Antonia Fortress,born blind,0,0
Wikipedia: Antonia Fortress,Siloam,0,0
Wikipedia: Antonia Fortress,Shiloah,0,0
Wikipedia: Antonia Fortress,Bethsaida,0,0
Wikipedia: Antonia Fortress,Bethesda,0,0
Wikipedia: Antonia Fortress,Bartimaeus,0,0
Wikipedia: Antonia Fortress,Jericho,1,1
Wikipedia: Antonia Fortress,beggar,0,0
Wikipedia: Antonia Fortress,begging,0,0
Wikipedia: Antonia Fortress,alms,0,0
Wikipedia: Antonia Fortress,mikveh,0,0
Wikipedia: Antonia Fortress,Gihon,0,0
Wikipedia: Antonia Fortress,Hezekiah's tunnel,0,0
Wikipedia: Antonia Fortress,eyes+sight,0,0
Wikipedia: Sheep Gate,blind,0,0
Wikipedia: Sheep Gate,blindness,0,0
Wikipedia: Sheep Gate,born blind,0,0
Wikipedia: Sheep Gate,Siloam,0,0
Wikipedia: Sheep Gate,Shiloah,0,0
Wikipedia: Sheep Gate,Bethsaida,0,0
Wikipedia: Sheep Gate,Bethesda,0,0
Wikipedia: Sheep Gate,Bartimaeus,0,0
Wikipedia: Sheep Gate,Jericho,0,0
Wikipedia: Sheep Gate,beggar,0,0
Wikipedia: Sheep Gate,begging,0,0
Wikipedia: Sheep Gate,alms,0,0
Wikipedia: Sheep Gate,mikveh,0,0
Wikipedia: Sheep Gate,Gihon,0,0
Wikipedia: Sheep Gate,Hezekiah's tunnel,0,0
Wikipedia: Sheep Gate,eyes+sight,0,0
"Budge, Teaching of Amen-em-apt (1924) [OCR; line numbers are Budge's]",blind,5,5
"Budge, Teaching of Amen-em-apt (1924) [OCR; line numbers are Budge's]",blindness,0,0
"Budge, Teaching of Amen-em-apt (1924) [OCR; line numbers are Budge's]",born blind,0,0
"Budge, Teaching of Amen-em-apt (1924) [OCR; line numbers are Budge's]",Siloam,0,0
"Budge, Teaching of Amen-em-apt (1924) [OCR; line numbers are Budge's]",Shiloah,0,0
"Budge, Teaching of Amen-em-apt (1924) [OCR; line numbers are Budge's]",Bethsaida,0,0
"Budge, Teaching of Amen-em-apt (1924) [OCR; line numbers are Budge's]",Bethesda,0,0
"Budge, Teaching of Amen-em-apt (1924) [OCR; line numbers are Budge's]",Bartimaeus,0,0
"Budge, Teaching of Amen-em-apt (1924) [OCR; line numbers are Budge's]",Jericho,0,0
"Budge, Teaching of Amen-em-apt (1924) [OCR; line numbers are Budge's]",beggar,8,8
"Budge, Teaching of Amen-em-apt (1924) [OCR; line numbers are Budge's]",begging,0,0
"Budge, Teaching of Amen-em-apt (1924) [OCR; line numbers are Budge's]",alms,0,0
"Budge, Teaching of Amen-em-apt (1924) [OCR; line numbers are Budge's]",mikveh,0,0
"Budge, Teaching of Amen-em-apt (1924) [OCR; line numbers are Budge's]",Gihon,0,0
"Budge, Teaching of Amen-em-apt (1924) [OCR; line numbers are Budge's]",Hezekiah's tunnel,0,0
"Budge, Teaching of Amen-em-apt (1924) [OCR; line numbers are Budge's]",eyes+sight,2,2
Wikipedia: Hittite laws,blind,0,0
Wikipedia: Hittite laws,blindness,0,0
Wikipedia: Hittite laws,born blind,0,0
Wikipedia: Hittite laws,Siloam,0,0
Wikipedia: Hittite laws,Shiloah,0,0
Wikipedia: Hittite laws,Bethsaida,0,0
Wikipedia: Hittite laws,Bethesda,0,0
Wikipedia: Hittite laws,Bartimaeus,0,0
Wikipedia: Hittite laws,Jericho,0,0
Wikipedia: Hittite laws,beggar,0,0
Wikipedia: Hittite laws,begging,0,0
Wikipedia: Hittite laws,alms,0,0
Wikipedia: Hittite laws,mikveh,0,0
Wikipedia: Hittite laws,Gihon,0,0
Wikipedia: Hittite laws,Hezekiah's tunnel,0,0
Wikipedia: Hittite laws,eyes+sight,0,0
Wikipedia: Code of Ur-Nammu,blind,0,0
Wikipedia: Code of Ur-Nammu,blindness,0,0
Wikipedia: Code of Ur-Nammu,born blind,0,0
Wikipedia: Code of Ur-Nammu,Siloam,0,0
Wikipedia: Code of Ur-Nammu,Shiloah,0,0
Wikipedia: Code of Ur-Nammu,Bethsaida,0,0
Wikipedia: Code of Ur-Nammu,Bethesda,1,1
Wikipedia: Code of Ur-Nammu,Bartimaeus,0,0
Wikipedia: Code of Ur-Nammu,Jericho,0,0
Wikipedia: Code of Ur-Nammu,beggar,0,0
Wikipedia: Code of Ur-Nammu,begging,0,0
Wikipedia: Code of Ur-Nammu,alms,0,0
Wikipedia: Code of Ur-Nammu,mikveh,0,0
Wikipedia: Code of Ur-Nammu,Gihon,0,0
Wikipedia: Code of Ur-Nammu,Hezekiah's tunnel,0,0
Wikipedia: Code of Ur-Nammu,eyes+sight,0,0
Wikipedia: Laws of Eshnunna,blind,0,0
Wikipedia: Laws of Eshnunna,blindness,0,0
Wikipedia: Laws of Eshnunna,born blind,0,0
Wikipedia: Laws of Eshnunna,Siloam,0,0
Wikipedia: Laws of Eshnunna,Shiloah,0,0
Wikipedia: Laws of Eshnunna,Bethsaida,0,0
Wikipedia: Laws of Eshnunna,Bethesda,0,0
Wikipedia: Laws of Eshnunna,Bartimaeus,0,0
Wikipedia: Laws of Eshnunna,Jericho,0,0
Wikipedia: Laws of Eshnunna,beggar,0,0
Wikipedia: Laws of Eshnunna,begging,0,0
Wikipedia: Laws of Eshnunna,alms,0,0
Wikipedia: Laws of Eshnunna,mikveh,0,0
Wikipedia: Laws of Eshnunna,Gihon,0,0
Wikipedia: Laws of Eshnunna,Hezekiah's tunnel,0,0
Wikipedia: Laws of Eshnunna,eyes+sight,0,0
Wikipedia: Code of Lipit-Ishtar,blind,0,0
Wikipedia: Code of Lipit-Ishtar,blindness,0,0
Wikipedia: Code of Lipit-Ishtar,born blind,0,0
Wikipedia: Code of Lipit-Ishtar,Siloam,0,0
Wikipedia: Code of Lipit-Ishtar,Shiloah,0,0
Wikipedia: Code of Lipit-Ishtar,Bethsaida,0,0
Wikipedia: Code of Lipit-Ishtar,Bethesda,0,0
Wikipedia: Code of Lipit-Ishtar,Bartimaeus,0,0
Wikipedia: Code of Lipit-Ishtar,Jericho,0,0
Wikipedia: Code of Lipit-Ishtar,beggar,0,0
Wikipedia: Code of Lipit-Ishtar,begging,0,0
Wikipedia: Code of Lipit-Ishtar,alms,0,0
Wikipedia: Code of Lipit-Ishtar,mikveh,0,0
Wikipedia: Code of Lipit-Ishtar,Gihon,0,0
Wikipedia: Code of Lipit-Ishtar,Hezekiah's tunnel,0,0
Wikipedia: Code of Lipit-Ishtar,eyes+sight,0,0
Wikipedia: Assyrian law (Middle Assyrian Laws),blind,0,0
Wikipedia: Assyrian law (Middle Assyrian Laws),blindness,0,0
Wikipedia: Assyrian law (Middle Assyrian Laws),born blind,0,0
Wikipedia: Assyrian law (Middle Assyrian Laws),Siloam,0,0
Wikipedia: Assyrian law (Middle Assyrian Laws),Shiloah,0,0
Wikipedia: Assyrian law (Middle Assyrian Laws),Bethsaida,0,0
Wikipedia: Assyrian law (Middle Assyrian Laws),Bethesda,0,0
Wikipedia: Assyrian law (Middle Assyrian Laws),Bartimaeus,0,0
Wikipedia: Assyrian law (Middle Assyrian Laws),Jericho,0,0
Wikipedia: Assyrian law (Middle Assyrian Laws),beggar,0,0
Wikipedia: Assyrian law (Middle Assyrian Laws),begging,0,0
Wikipedia: Assyrian law (Middle Assyrian Laws),alms,0,0
Wikipedia: Assyrian law (Middle Assyrian Laws),mikveh,0,0
Wikipedia: Assyrian law (Middle Assyrian Laws),Gihon,0,0
Wikipedia: Assyrian law (Middle Assyrian Laws),Hezekiah's tunnel,0,0
Wikipedia: Assyrian law (Middle Assyrian Laws),eyes+sight,0,0
Wikipedia: Instruction of Amenemope,blind,0,0
Wikipedia: Instruction of Amenemope,blindness,0,0
Wikipedia: Instruction of Amenemope,born blind,0,0
Wikipedia: Instruction of Amenemope,Siloam,0,0
Wikipedia: Instruction of Amenemope,Shiloah,0,0
Wikipedia: Instruction of Amenemope,Bethsaida,0,0
Wikipedia: Instruction of Amenemope,Bethesda,0,0
Wikipedia: Instruction of Amenemope,Bartimaeus,0,0
Wikipedia: Instruction of Amenemope,Jericho,0,0
Wikipedia: Instruction of Amenemope,beggar,0,0
Wikipedia: Instruction of Amenemope,begging,0,0
Wikipedia: Instruction of Amenemope,alms,0,0
Wikipedia: Instruction of Amenemope,mikveh,0,0
Wikipedia: Instruction of Amenemope,Gihon,0,0
Wikipedia: Instruction of Amenemope,Hezekiah's tunnel,0,0
Wikipedia: Instruction of Amenemope,eyes+sight,0,0
Wikipedia: Ebers Papyrus,blind,0,0
Wikipedia: Ebers Papyrus,blindness,0,0
Wikipedia: Ebers Papyrus,born blind,0,0
Wikipedia: Ebers Papyrus,Siloam,0,0
Wikipedia: Ebers Papyrus,Shiloah,0,0
Wikipedia: Ebers Papyrus,Bethsaida,0,0
Wikipedia: Ebers Papyrus,Bethesda,0,0
Wikipedia: Ebers Papyrus,Bartimaeus,0,0
Wikipedia: Ebers Papyrus,Jericho,0,0
Wikipedia: Ebers Papyrus,beggar,0,0
Wikipedia: Ebers Papyrus,begging,0,0
Wikipedia: Ebers Papyrus,alms,0,0
Wikipedia: Ebers Papyrus,mikveh,0,0
Wikipedia: Ebers Papyrus,Gihon,0,0
Wikipedia: Ebers Papyrus,Hezekiah's tunnel,0,0
Wikipedia: Ebers Papyrus,eyes+sight,0,0
Wikipedia: Harper's Songs,blind,2,1
Wikipedia: Harper's Songs,blindness,1,1
Wikipedia: Harper's Songs,born blind,0,0
Wikipedia: Harper's Songs,Siloam,0,0
Wikipedia: Harper's Songs,Shiloah,0,0
Wikipedia: Harper's Songs,Bethsaida,0,0
Wikipedia: Harper's Songs,Bethesda,0,0
Wikipedia: Harper's Songs,Bartimaeus,0,0
Wikipedia: Harper's Songs,Jericho,0,0
Wikipedia: Harper's Songs,beggar,0,0
Wikipedia: Harper's Songs,begging,0,0
Wikipedia: Harper's Songs,alms,0,0
Wikipedia: Harper's Songs,mikveh,0,0
Wikipedia: Harper's Songs,Gihon,0,0
Wikipedia: Harper's Songs,Hezekiah's tunnel,0,0
Wikipedia: Harper's Songs,eyes+sight,0,0
Wikipedia: The Exodus,blind,0,0
Wikipedia: The Exodus,blindness,0,0
Wikipedia: The Exodus,born blind,0,0
Wikipedia: The Exodus,Siloam,0,0
Wikipedia: The Exodus,Shiloah,0,0
Wikipedia: The Exodus,Bethsaida,0,0
Wikipedia: The Exodus,Bethesda,0,0
Wikipedia: The Exodus,Bartimaeus,0,0
Wikipedia: The Exodus,Jericho,2,1
Wikipedia: The Exodus,beggar,0,0
Wikipedia: The Exodus,begging,0,0
Wikipedia: The Exodus,alms,0,0
Wikipedia: The Exodus,mikveh,0,0
Wikipedia: The Exodus,Gihon,0,0
Wikipedia: The Exodus,Hezekiah's tunnel,0,0
Wikipedia: The Exodus,eyes+sight,0,0
Wikipedia: Documentary hypothesis,blind,0,0
Wikipedia: Documentary hypothesis,blindness,0,0
Wikipedia: Documentary hypothesis,born blind,0,0
Wikipedia: Documentary hypothesis,Siloam,0,0
Wikipedia: Documentary hypothesis,Shiloah,0,0
Wikipedia: Documentary hypothesis,Bethsaida,0,0
Wikipedia: Documentary hypothesis,Bethesda,0,0
Wikipedia: Documentary hypothesis,Bartimaeus,0,0
Wikipedia: Documentary hypothesis,Jericho,0,0
Wikipedia: Documentary hypothesis,beggar,0,0
Wikipedia: Documentary hypothesis,begging,0,0
Wikipedia: Documentary hypothesis,alms,0,0
Wikipedia: Documentary hypothesis,mikveh,0,0
Wikipedia: Documentary hypothesis,Gihon,0,0
Wikipedia: Documentary hypothesis,Hezekiah's tunnel,0,0
Wikipedia: Documentary hypothesis,eyes+sight,0,0
Wikipedia: Mosaic authorship,blind,0,0
Wikipedia: Mosaic authorship,blindness,0,0
Wikipedia: Mosaic authorship,born blind,0,0
Wikipedia: Mosaic authorship,Siloam,0,0
Wikipedia: Mosaic authorship,Shiloah,0,0
Wikipedia: Mosaic authorship,Bethsaida,0,0
Wikipedia: Mosaic authorship,Bethesda,0,0
Wikipedia: Mosaic authorship,Bartimaeus,0,0
Wikipedia: Mosaic authorship,Jericho,0,0
Wikipedia: Mosaic authorship,beggar,0,0
Wikipedia: Mosaic authorship,begging,0,0
Wikipedia: Mosaic authorship,alms,0,0
Wikipedia: Mosaic authorship,mikveh,0,0
Wikipedia: Mosaic authorship,Gihon,0,0
Wikipedia: Mosaic authorship,Hezekiah's tunnel,0,0
Wikipedia: Mosaic authorship,eyes+sight,0,0
Wikipedia: Priestly divisions,blind,0,0
Wikipedia: Priestly divisions,blindness,0,0
Wikipedia: Priestly divisions,born blind,0,0
Wikipedia: Priestly divisions,Siloam,0,0
Wikipedia: Priestly divisions,Shiloah,0,0
Wikipedia: Priestly divisions,Bethsaida,0,0
Wikipedia: Priestly divisions,Bethesda,0,0
Wikipedia: Priestly divisions,Bartimaeus,0,0
Wikipedia: Priestly divisions,Jericho,0,0
Wikipedia: Priestly divisions,beggar,0,0
Wikipedia: Priestly divisions,begging,0,0
Wikipedia: Priestly divisions,alms,0,0
Wikipedia: Priestly divisions,mikveh,0,0
Wikipedia: Priestly divisions,Gihon,0,0
Wikipedia: Priestly divisions,Hezekiah's tunnel,0,0
Wikipedia: Priestly divisions,eyes+sight,0,0
Wikipedia: Showbread,blind,0,0
Wikipedia: Showbread,blindness,0,0
Wikipedia: Showbread,born blind,0,0
Wikipedia: Showbread,Siloam,0,0
Wikipedia: Showbread,Shiloah,0,0
Wikipedia: Showbread,Bethsaida,0,0
Wikipedia: Showbread,Bethesda,0,0
Wikipedia: Showbread,Bartimaeus,0,0
Wikipedia: Showbread,Jericho,0,0
Wikipedia: Showbread,beggar,0,0
Wikipedia: Showbread,begging,0,0
Wikipedia: Showbread,alms,0,0
Wikipedia: Showbread,mikveh,1,1
Wikipedia: Showbread,Gihon,0,0
Wikipedia: Showbread,Hezekiah's tunnel,0,0
Wikipedia: Showbread,eyes+sight,0,0
Wikipedia: Uzzah,blind,0,0
Wikipedia: Uzzah,blindness,0,0
Wikipedia: Uzzah,born blind,0,0
Wikipedia: Uzzah,Siloam,0,0
Wikipedia: Uzzah,Shiloah,0,0
Wikipedia: Uzzah,Bethsaida,0,0
Wikipedia: Uzzah,Bethesda,0,0
Wikipedia: Uzzah,Bartimaeus,0,0
Wikipedia: Uzzah,Jericho,0,0
Wikipedia: Uzzah,beggar,0,0
Wikipedia: Uzzah,begging,0,0
Wikipedia: Uzzah,alms,0,0
Wikipedia: Uzzah,mikveh,0,0
Wikipedia: Uzzah,Gihon,0,0
Wikipedia: Uzzah,Hezekiah's tunnel,0,0
Wikipedia: Uzzah,eyes+sight,0,0
Wikipedia: Laver (disambiguation page),blind,0,0
Wikipedia: Laver (disambiguation page),blindness,0,0
Wikipedia: Laver (disambiguation page),born blind,0,0
Wikipedia: Laver (disambiguation page),Siloam,0,0
Wikipedia: Laver (disambiguation page),Shiloah,0,0
Wikipedia: Laver (disambiguation page),Bethsaida,0,0
Wikipedia: Laver (disambiguation page),Bethesda,0,0
Wikipedia: Laver (disambiguation page),Bartimaeus,0,0
Wikipedia: Laver (disambiguation page),Jericho,0,0
Wikipedia: Laver (disambiguation page),beggar,0,0
Wikipedia: Laver (disambiguation page),begging,0,0
Wikipedia: Laver (disambiguation page),alms,0,0
Wikipedia: Laver (disambiguation page),mikveh,0,0
Wikipedia: Laver (disambiguation page),Gihon,0,0
Wikipedia: Laver (disambiguation page),Hezekiah's tunnel,0,0
Wikipedia: Laver (disambiguation page),eyes+sight,0,0
Wikipedia: Nadab and Abihu,blind,0,0
Wikipedia: Nadab and Abihu,blindness,0,0
Wikipedia: Nadab and Abihu,born blind,0,0
Wikipedia: Nadab and Abihu,Siloam,0,0
Wikipedia: Nadab and Abihu,Shiloah,0,0
Wikipedia: Nadab and Abihu,Bethsaida,0,0
Wikipedia: Nadab and Abihu,Bethesda,0,0
Wikipedia: Nadab and Abihu,Bartimaeus,0,0
Wikipedia: Nadab and Abihu,Jericho,0,0
Wikipedia: Nadab and Abihu,beggar,0,0
Wikipedia: Nadab and Abihu,begging,0,0
Wikipedia: Nadab and Abihu,alms,0,0
Wikipedia: Nadab and Abihu,mikveh,0,0
Wikipedia: Nadab and Abihu,Gihon,0,0
Wikipedia: Nadab and Abihu,Hezekiah's tunnel,0,0
Wikipedia: Nadab and Abihu,eyes+sight,0,0
Wikipedia: Emor (Leviticus 21 to 24),blind,6,4
Wikipedia: Emor (Leviticus 21 to 24),blindness,0,0
Wikipedia: Emor (Leviticus 21 to 24),born blind,0,0
Wikipedia: Emor (Leviticus 21 to 24),Siloam,0,0
Wikipedia: Emor (Leviticus 21 to 24),Shiloah,1,1
Wikipedia: Emor (Leviticus 21 to 24),Bethsaida,0,0
Wikipedia: Emor (Leviticus 21 to 24),Bethesda,0,0
Wikipedia: Emor (Leviticus 21 to 24),Bartimaeus,0,0
Wikipedia: Emor (Leviticus 21 to 24),Jericho,1,1
Wikipedia: Emor (Leviticus 21 to 24),beggar,0,0
Wikipedia: Emor (Leviticus 21 to 24),begging,0,0
Wikipedia: Emor (Leviticus 21 to 24),alms,0,0
Wikipedia: Emor (Leviticus 21 to 24),mikveh,0,0
Wikipedia: Emor (Leviticus 21 to 24),Gihon,0,0
Wikipedia: Emor (Leviticus 21 to 24),Hezekiah's tunnel,0,0
Wikipedia: Emor (Leviticus 21 to 24),eyes+sight,0,0
Wikipedia: Moses,blind,0,0
Wikipedia: Moses,blindness,0,0
Wikipedia: Moses,born blind,0,0
Wikipedia: Moses,Siloam,0,0
Wikipedia: Moses,Shiloah,0,0
Wikipedia: Moses,Bethsaida,0,0
Wikipedia: Moses,Bethesda,0,0
Wikipedia: Moses,Bartimaeus,0,0
Wikipedia: Moses,Jericho,2,2
Wikipedia: Moses,beggar,0,0
Wikipedia: Moses,begging,0,0
Wikipedia: Moses,alms,0,0
Wikipedia: Moses,mikveh,0,0
Wikipedia: Moses,Gihon,0,0
Wikipedia: Moses,Hezekiah's tunnel,0,0
Wikipedia: Moses,eyes+sight,0,0
Wikipedia: Hammurabi,blind,0,0
Wikipedia: Hammurabi,blindness,0,0
Wikipedia: Hammurabi,born blind,0,0
Wikipedia: Hammurabi,Siloam,0,0
Wikipedia: Hammurabi,Shiloah,0,0
Wikipedia: Hammurabi,Bethsaida,0,0
Wikipedia: Hammurabi,Bethesda,0,0
Wikipedia: Hammurabi,Bartimaeus,0,0
Wikipedia: Hammurabi,Jericho,0,0
Wikipedia: Hammurabi,beggar,0,0
Wikipedia: Hammurabi,begging,0,0
Wikipedia: Hammurabi,alms,0,0
Wikipedia: Hammurabi,mikveh,0,0
Wikipedia: Hammurabi,Gihon,0,0
Wikipedia: Hammurabi,Hezekiah's tunnel,0,0
Wikipedia: Hammurabi,eyes+sight,0,0
